Ammo Description,CARTRIDGE,BULLET,BULLET,BULLET,ITEM #,B.C.,Velocity (m/sec),Velocity (m/sec),Velocity (m/sec),Velocity (m/sec),Velocity (m/sec),Velocity (m/sec),Velocity (m/sec),Energy (joules),Energy (joules),Energy (joules),Energy (joules),Energy (joules),Energy (joules),Energy (joules),Trajectory Tables (cm),Trajectory Tables (cm),Trajectory Tables (cm),Trajectory Tables (cm),Trajectory Tables (cm),Trajectory Tables (cm),Trajectory Tables (cm),GEE,GEE Trajectory,GEE Trajectory,GEE Trajectory,GEE Trajectory,GEE Trajectory,GEE Trajectory,GEE Trajectory
Product Line,CARTRIDGE,BULLET,Weight (gr.),Weight (g),ITEM #,B.C.,0m,50m,100m,150m,200m,250m,300m,0m,50m,100m,150m,200m,250m,300m,0m,50m,100m,150m,200m,250m,300m,GEE,0m,50m,100m,150m,200m,250m,300m
V,17 Mach 2,15.5 gr. NTX,15.5,1.0,83176,0.115,625.0,517.0,420.0,333.0,256.0,,,196.0,134.0,89.0,56.0,33.0,,,-5.0,2.2,0.0,-16.3,-55.0,,,121.0,-5.0,4.2,4.0,-10.3,-47.0,,
V,17 Mach 2,17 gr. V-MAX,17.0,1.1,83177,0.125,640.0,539.0,447.0,364.0,289.0,,,226.0,160.0,110.0,73.0,46.0,,,-5.0,1.8,0.0,-14.2,-47.0,,,124.0,-5.0,3.8,4.0,-8.2,-39.0,,
V,17 HMR,15.5 gr. NTX,15.5,1.0,83171,0.115,770.0,649.0,538.0,438.0,348.0,268.0,199.0,297.0,211.0,145.0,96.0,61.0,36.0,20.0,-5.0,0.5,0.0,-9.0,-31.0,-73.3,-149.3,136.0,-5.0,2.5,4.0,-3.0,-23.0,-63.3,-137.3
V,17 HMR,17 gr. V-MAX,17.0,1.1,83170,0.125,777.0,665.0,561.0,466.0,380.0,303.0,235.0,333.0,244.0,174.0,120.0,80.0,51.0,30.0,-5.0,0.3,0.0,-8.2,-27.7,-64.2,-127.2,139.0,-5.0,2.3,4.0,-2.2,-19.7,-54.2,-115.2
V,17 HMR,20 gr. XTP,20.0,1.3,83172,0.125,724.0,616.0,517.0,426.0,344.0,271.0,207.0,340.0,246.0,173.0,118.0,77.0,48.0,28.0,-5.0,0.8,0.0,-10.1,-33.7,-78.1,-155.4,133.0,-5.0,2.8,4.0,-4.1,-25.7,-68.1,-143.4
V,17 WSM,20 gr. V-MAX,20.0,1.3,83180,0.185,914.0,830.0,750.0,674.0,602.0,534.0,470.0,542.0,447.0,365.0,294.0,235.0,185.0,143.0,-5.0,-0.7,0.0,-3.7,-12.7,-28.6,-53.1,172.0,-5.0,1.3,4.0,2.3,-4.7,-18.6,-41.1
SV,17 Hornet,20 gr. V-MAX,20.0,1.3,83005,0.185,1113.0,1019.0,929.0,843.0,761.0,684.0,611.0,802.0,672.0,559.0,460.0,376.0,303.0,242.0,-5.0,-1.3,0.0,-1.5,-6.5,-15.8,-30.3,213.0,-5.0,0.7,4.0,4.5,1.5,-5.8,-18.3
SV,204 Ruger,"24 gr. NTX (26"" Bbl)",24.0,1.6,83209,0.17,1341.0,1228.0,1119.0,1016.0,918.0,824.0,736.0,1399.0,1172.0,974.0,803.0,655.0,528.0,421.0,-5.0,-1.7,0.0,-0.3,-2.9,-8.5,-17.7,263.0,-5.0,0.3,4.0,5.7,5.1,1.5,-5.7
SV,204 Ruger,"32 gr. V-MAX (26"" Bbl)",32.0,2.1,83204,0.21,1288.0,1198.0,1111.0,1027.0,947.0,870.0,796.0,1720.0,1487.0,1280.0,1094.0,930.0,785.0,657.0,-5.0,-1.6,0.0,-0.3,-3.0,-8.4,-17.1,264.0,-5.0,0.4,4.0,5.7,5.0,1.6,-5.1
SV,204 Ruger,"40 gr. V-MAX (26"" Bbl)",40.0,2.6,83206,0.275,1189.0,1123.0,1058.0,996.0,936.0,877.0,821.0,1832.0,1634.0,1452.0,1286.0,1135.0,997.0,873.0,-5.0,-1.5,0.0,-0.7,-3.8,-9.7,-18.9,252.0,-5.0,0.5,4.0,5.3,4.2,0.3,-6.9
V,22 WMR,25 gr. NTX,25.0,1.6,83201,0.085,671.0,522.0,391.0,280.0,187.0,,,364.0,220.0,124.0,63.0,28.0,,,-5.0,2.1,0.0,-18.6,-69.3,,,120.0,-5.0,4.1,4.0,-12.6,-61.3,,
V,22 WMR,30 gr. V-MAX,30.0,1.9,83202,0.095,671.0,536.0,417.0,313.0,224.0,,,437.0,280.0,169.0,95.0,49.0,,,-5.0,1.9,0.0,-16.3,-58.0,,,122.0,-5.0,3.9,4.0,-10.3,-50.0,,
V,22 LR,40 gr. LRN,40.0,2.6,83211,0.12,326.0,295.0,273.0,,,,,138.0,113.0,96.0,,,,,-5.0,0.0,-23.4,,,,,,,,,,,,
V,22 LR,40 gr. HP Copper Plated,40.0,2.6,83212,0.12,337.0,302.0,278.0,,,,,147.0,118.0,100.0,,,,,-5.0,0.0,-22.1,,,,,,,,,,,,
V,22 Hornet,35 gr. V-MAX,35.0,2.3,8302,0.109,936.0,793.0,663.0,544.0,437.0,341.0,258.0,993.0,714.0,498.0,335.0,216.0,132.0,75.0,-5.0,-0.5,0.0,-5.1,-18.6,-45.0,-92.2,156.0,-5.0,1.5,4.0,0.9,-10.6,-35.0,-80.2
C,22 Hornet,45 gr. SP,45.0,2.9,83028,0.202,812.0,740.0,671.0,605.0,543.0,484.0,429.0,962.0,798.0,657.0,534.0,430.0,342.0,268.0,-5.0,-0.3,0.0,-5.2,-17.1,-37.4,-68.1,156.0,-5.0,1.7,4.0,0.8,-9.1,-27.4,-56.1
C,218 Bee,45 gr. HP,45.0,2.9,8307,0.108,835.0,700.0,578.0,467.0,367.0,280.0,205.0,1017.0,716.0,487.0,318.0,197.0,114.0,61.0,-5.0,0.0,0.0,-7.5,-26.3,-63.4,-131.2,142.0,-5.0,2.0,4.0,-1.5,-18.3,-53.4,-119.2
SV,222 Rem,35 gr. NTX,35.0,2.3,8309,0.177,1146.0,1046.0,951.0,860.0,774.0,692.0,615.0,1490.0,1241.0,1026.0,839.0,680.0,544.0,429.0,-5.0,-1.4,0.0,-1.3,-6.0,-14.8,-28.7,219.0,-5.0,0.6,4.0,4.7,2.0,-4.8,-16.7
SV,222 Rem,50 gr. V-MAX,50.0,3.2,8316,0.242,1020.0,951.0,884.0,820.0,759.0,700.0,643.0,1684.0,1465.0,1267.0,1090.0,933.0,793.0,669.0,-5.0,-1.1,0.0,-2.0,-7.7,-17.6,-32.5,203.0,-5.0,0.9,4.0,4.0,0.3,-7.6,-20.5
B,5.45 x 39mm,"60 gr. V-MAX (16"" Bbl)",60.0,3.9,81247,0.285,856.0,803.0,752.0,702.0,654.0,608.0,563.0,1426.0,1255.0,1099.0,958.0,832.0,718.0,616.0,-5.0,-0.6,0.0,-3.7,-12.5,-26.9,-48.1,172.0,-5.0,1.4,4.0,2.3,-4.5,-16.9,-36.1
SV,223 Rem,35 gr. NTX,35.0,2.3,83266,0.177,1219.0,1116.0,1017.0,923.0,833.0,748.0,668.0,1686.0,1412.0,1173.0,966.0,788.0,635.0,506.0,-5.0,-1.5,0.0,-0.9,-4.6,-11.9,-23.6,236.0,-5.0,0.5,4.0,5.1,3.4,-1.9,-11.6
SV,223 Rem,53 gr. V-MAX,53.0,3.4,8025,0.29,1056.0,997.0,940.0,885.0,831.0,779.0,729.0,1916.0,1708.0,1519.0,1345.0,1187.0,1043.0,913.0,-5.0,-1.3,0.0,-1.5,-6.2,-14.4,-26.6,218.0,-5.0,0.7,4.0,4.5,1.8,-4.4,-14.6
CD,223 Rem,55 gr. FTX,55.0,3.6,80270,0.175,988.0,895.0,806.0,723.0,644.0,569.0,499.0,1738.0,1427.0,1159.0,931.0,738.0,577.0,444.0,-5.0,-1.0,0.0,-2.8,-10.4,-23.8,-44.9,184.0,-5.0,1.0,4.0,3.2,-2.4,-13.8,-32.9
AG,223 Rem,55 gr. HP,55.0,3.6,80237,0.223,988.0,914.0,844.0,776.0,712.0,650.0,590.0,1738.0,1490.0,1269.0,1074.0,902.0,752.0,621.0,-5.0,-1.0,0.0,-2.4,-8.9,-20.3,-37.4,193.0,-5.0,1.0,4.0,3.6,-0.9,-10.3,-25.4
C,223 Rem,55 gr. SP,55.0,3.6,80255,0.235,985.0,915.0,848.0,784.0,722.0,663.0,606.0,1727.0,1492.0,1282.0,1095.0,929.0,783.0,654.0,-5.0,-1.0,0.0,-2.4,-8.8,-19.9,-36.5,194.0,-5.0,1.0,4.0,3.6,-0.8,-9.9,-24.5
C,223 Rem,55 gr. FMJ-BT,55.0,3.6,80275,0.243,978.0,911.0,847.0,785.0,725.0,667.0,612.0,1706.0,1480.0,1278.0,1097.0,936.0,794.0,668.0,-5.0,-1.0,0.0,-2.4,-8.8,-19.9,-36.5,194.0,-5.0,1.0,4.0,3.6,-0.8,-9.9,-24.5
SF,223 Rem,55 gr. CX,55.0,3.6,832744,0.245,991.0,924.0,859.0,797.0,737.0,679.0,624.0,1749.0,1521.0,1315.0,1132.0,968.0,823.0,695.0,-5.0,-1.1,0.0,-2.3,-8.4,-19.1,-35.0,197.0,-5.0,0.9,4.0,3.7,-0.4,-9.1,-23.0
V,223 Rem,55 gr. V-MAX,55.0,3.6,8327,0.255,988.0,923.0,861.0,801.0,744.0,688.0,635.0,1738.0,1519.0,1322.0,1145.0,986.0,844.0,718.0,-5.0,-1.1,0.0,-2.3,-8.3,-18.8,-34.5,197.0,-5.0,0.9,4.0,3.7,-0.3,-8.8,-22.5
B,223 Rem,62 gr. FMJ,62.0,4.0,80234,0.274,945.0,887.0,830.0,775.0,723.0,672.0,623.0,1794.0,1579.0,1384.0,1208.0,1049.0,906.0,779.0,-5.0,-0.9,0.0,-2.6,-9.3,-20.8,-37.6,190.0,-5.0,1.1,4.0,3.4,-1.3,-10.8,-25.6
CD,223 Rem,73 gr. FTX,73.0,4.7,80260,0.26,850.0,792.0,737.0,683.0,631.0,581.0,533.0,1711.0,1485.0,1283.0,1102.0,941.0,799.0,673.0,-5.0,-0.5,0.0,-4.0,-13.2,-28.7,-51.4,168.0,-5.0,1.5,4.0,2.0,-5.2,-18.7,-39.4
M,223 Rem,73 gr. ELD Match,73.0,4.7,80269,0.398,850.0,812.0,775.0,739.0,703.0,669.0,635.0,1711.0,1561.0,1421.0,1291.0,1170.0,1058.0,954.0,-5.0,-0.6,0.0,-3.4,-11.4,-24.3,-42.7,176.0,-5.0,1.4,4.0,2.6,-3.4,-14.3,-30.7
B,223 Rem,75 gr. BTHP,75.0,4.9,80267,0.395,850.0,812.0,775.0,738.0,702.0,667.0,633.0,1757.0,1602.0,1458.0,1323.0,1198.0,1082.0,975.0,-5.0,-0.6,0.0,-3.5,-11.4,-24.3,-42.8,176.0,-5.0,1.4,4.0,2.5,-3.4,-14.3,-30.8
M,223 Rem,75 gr. BTHP,75.0,4.9,8026,0.395,850.0,812.0,775.0,738.0,702.0,667.0,633.0,1757.0,1602.0,1458.0,1323.0,1198.0,1082.0,975.0,-5.0,-0.6,0.0,-3.5,-11.4,-24.3,-42.8,176.0,-5.0,1.4,4.0,2.5,-3.4,-14.3,-30.8
SM,223 Rem,75 gr. BTHP,75.0,4.9,80264,0.395,893.0,854.0,815.0,777.0,741.0,705.0,670.0,1938.0,1771.0,1615.0,1469.0,1333.0,1207.0,1090.0,-5.0,-0.8,0.0,-2.9,-9.8,-21.2,-37.6,186.0,-5.0,1.2,4.0,3.1,-1.8,-11.2,-25.6
B,5.56 NATO,"62 gr. FMJ (20"" Bbl)",62.0,4.0,81263,0.274,933.0,875.0,819.0,764.0,712.0,662.0,613.0,1748.0,1537.0,1346.0,1174.0,1019.0,879.0,755.0,-5.0,-0.9,0.0,-2.8,-9.7,-21.6,-39.0,187.0,-5.0,1.1,4.0,3.2,-1.7,-11.6,-27.0
SM,5.56 NATO,"75 gr. BTHP (20"" Bbl)",75.0,4.9,81264,0.355,887.0,843.0,801.0,759.0,719.0,680.0,642.0,1912.0,1728.0,1558.0,1401.0,1256.0,1123.0,1000.0,-5.0,-0.8,0.0,-3.1,-10.4,-22.4,-39.8,183.0,-5.0,1.2,4.0,2.9,-2.4,-12.4,-27.8
V,224 Valkyrie,60 gr. V-MAX W/C,60.0,3.9,81531,0.265,1006.0,943.0,883.0,824.0,768.0,714.0,661.0,1967.0,1730.0,1516.0,1322.0,1147.0,990.0,850.0,-5.0,-1.1,0.0,-2.0,-7.7,-17.5,-32.1,203.0,-5.0,0.9,4.0,4.0,0.3,-7.5,-20.1
B,224 Valkyrie,75 gr. BTHP,75.0,4.9,81532,0.395,914.0,874.0,835.0,797.0,760.0,724.0,688.0,2032.0,1858.0,1696.0,1545.0,1403.0,1272.0,1151.0,-5.0,-0.9,0.0,-2.6,-9.1,-19.8,-35.2,191.0,-5.0,1.1,4.0,3.4,-1.1,-9.8,-23.2
M,224 Valkyrie,88 gr. ELD Match,88.0,5.7,81534,0.545,815.0,788.0,761.0,735.0,709.0,684.0,659.0,1896.0,1771.0,1653.0,1540.0,1434.0,1333.0,1237.0,-5.0,-0.5,0.0,-3.7,-12.0,-25.1,-43.5,173.0,-5.0,1.5,4.0,2.3,-4.0,-15.1,-31.5
SV,22-250 Rem,35 gr. NTX,35.0,2.3,8334,0.177,1356.0,1247.0,1142.0,1041.0,945.0,854.0,768.0,2086.0,1763.0,1478.0,1229.0,1014.0,827.0,668.0,-5.0,-1.7,0.0,-0.2,-2.6,-7.8,-16.4,270.0,-5.0,0.3,4.0,5.8,5.4,2.2,-4.4
V,22-250 Rem,50 gr. V-MAX,50.0,3.2,8336,0.242,1158.0,1084.0,1013.0,944.0,877.0,813.0,751.0,2173.0,1905.0,1662.0,1443.0,1247.0,1071.0,915.0,-5.0,-1.5,0.0,-0.9,-4.6,-11.5,-22.1,238.0,-5.0,0.5,4.0,5.1,3.4,-1.5,-10.1
SV,22-250 Rem,50 gr. V-MAX,50.0,3.2,83366,0.242,1219.0,1143.0,1070.0,998.0,930.0,864.0,800.0,2408.0,2117.0,1854.0,1615.0,1401.0,1208.0,1036.0,-5.0,-1.6,0.0,-0.6,-3.6,-9.5,-18.7,254.0,-5.0,0.4,4.0,5.4,4.4,0.5,-6.7
V,22-250 Rem,55 gr. V-MAX,55.0,3.6,8337,0.255,1122.0,1053.0,986.0,921.0,859.0,799.0,741.0,2242.0,1975.0,1733.0,1513.0,1315.0,1137.0,978.0,-5.0,-1.4,0.0,-1.1,-5.2,-12.5,-23.7,231.0,-5.0,0.6,4.0,4.9,2.8,-2.5,-11.7
V,220 Swift,55 gr. V-MAX,55.0,3.6,8324,0.255,1122.0,1053.0,986.0,921.0,859.0,799.0,741.0,2242.0,1975.0,1733.0,1513.0,1315.0,1137.0,978.0,-5.0,-1.4,0.0,-1.1,-5.2,-12.5,-23.7,231.0,-5.0,0.6,4.0,4.9,2.8,-2.5,-11.7
PH,6mm ARC,103 gr. ELD-X,103.0,6.7,81602,0.512,853.0,824.0,794.0,766.0,738.0,710.0,683.0,2431.0,2264.0,2107.0,1957.0,1816.0,1682.0,1556.0,-5.0,-0.7,0.0,-3.2,-10.6,-22.5,-39.2,181.0,-5.0,1.3,4.0,2.8,-2.6,-12.5,-27.2
B,6mm ARC,105 gr. BTHP,105.0,6.8,81604,0.53,838.0,810.0,782.0,754.0,727.0,701.0,675.0,2390.0,2231.0,2079.0,1936.0,1800.0,1671.0,1549.0,-5.0,-0.6,0.0,-3.4,-11.1,-23.4,-40.7,178.0,-5.0,1.4,4.0,2.6,-3.1,-13.4,-28.7
M,6mm ARC,108 gr. ELD Match,108.0,7.0,81608,0.536,838.0,810.0,782.0,755.0,729.0,702.0,677.0,2459.0,2296.0,2142.0,1996.0,1857.0,1726.0,1602.0,-5.0,-0.6,0.0,-3.4,-11.1,-23.3,-40.6,178.0,-5.0,1.4,4.0,2.6,-3.1,-13.3,-28.6
SV,243 Win,58 gr. V-MAX,58.0,3.8,8343,0.25,1196.0,1123.0,1053.0,985.0,919.0,855.0,794.0,2690.0,2372.0,2084.0,1822.0,1586.0,1374.0,1183.0,-5.0,-1.5,0.0,-0.7,-3.9,-10.0,-19.5,250.0,-5.0,0.5,4.0,5.3,4.1,-0.0,-7.5
SV,243 Win,75 gr. V-MAX,75.0,4.9,83433,0.33,1091.0,1039.0,987.0,937.0,888.0,841.0,795.0,2894.0,2621.0,2368.0,2134.0,1918.0,1719.0,1535.0,-5.0,-1.4,0.0,-1.2,-5.1,-12.2,-22.7,232.0,-5.0,0.6,4.0,4.8,2.9,-2.2,-10.7
O,243 Win,80 gr. CX,80.0,5.2,804574,0.273,975.0,916.0,858.0,802.0,748.0,696.0,646.0,2466.0,2174.0,1908.0,1668.0,1451.0,1256.0,1081.0,-5.0,-1.0,0.0,-2.3,-8.4,-18.9,-34.5,197.0,-5.0,1.0,4.0,3.7,-0.4,-8.9,-22.5
CL,243 Win,87 gr. SST,87.0,5.6,80466,0.4,853.0,815.0,778.0,742.0,707.0,672.0,639.0,2053.0,1875.0,1708.0,1553.0,1408.0,1274.0,1149.0,-5.0,-0.7,0.0,-3.4,-11.2,-24.0,-42.2,177.0,-5.0,1.3,4.0,2.6,-3.2,-14.0,-30.2
C,243 Win,87 gr. V-MAX,87.0,5.6,80468,0.4,988.0,946.0,906.0,867.0,828.0,790.0,754.0,2749.0,2525.0,2314.0,2117.0,1933.0,1761.0,1601.0,-5.0,-1.1,0.0,-1.9,-7.0,-15.7,-28.3,210.0,-5.0,0.9,4.0,4.1,1.0,-5.7,-16.3
PH,243 Win,90 gr. ELD-X,90.0,5.8,80462,0.41,960.0,921.0,882.0,844.0,807.0,771.0,735.0,2688.0,2471.0,2268.0,2077.0,1899.0,1732.0,1576.0,-5.0,-1.1,0.0,-2.1,-7.6,-17.0,-30.4,203.0,-5.0,0.9,4.0,3.9,0.4,-7.0,-18.4
SF,243 Win,95 gr. SST,95.0,6.2,80463,0.355,971.0,925.0,880.0,836.0,794.0,752.0,712.0,2901.0,2633.0,2384.0,2154.0,1940.0,1743.0,1561.0,-5.0,-1.1,0.0,-2.1,-7.7,-17.2,-31.1,203.0,-5.0,0.9,4.0,3.9,0.3,-7.2,-19.1
AW,243 Win,100 gr. InterLock BTSP,100.0,6.5,8047,0.405,902.0,864.0,826.0,789.0,753.0,717.0,683.0,2638.0,2416.0,2209.0,2016.0,1835.0,1667.0,1511.0,-5.0,-0.9,0.0,-2.7,-9.4,-20.5,-36.2,189.0,-5.0,1.1,4.0,3.3,-1.4,-10.5,-24.2
SF,6mm Rem,95 gr. SST,95.0,6.2,81663,0.355,986.0,940.0,895.0,850.0,808.0,766.0,725.0,2993.0,2718.0,2463.0,2227.0,2007.0,1805.0,1618.0,-5.0,-1.1,0.0,-2.0,-7.3,-16.4,-29.7,206.0,-5.0,0.9,4.0,4.0,0.7,-6.4,-17.7
V,6mm Creedmoor,87 gr. V-MAX,87.0,5.6,81393,0.4,978.0,937.0,897.0,858.0,820.0,782.0,746.0,2699.0,2477.0,2270.0,2076.0,1895.0,1725.0,1568.0,-5.0,-1.1,0.0,-1.9,-7.2,-16.1,-29.1,207.0,-5.0,0.9,4.0,4.1,0.8,-6.1,-17.1
SF,6mm Creedmoor,90 gr. CX,90.0,5.8,813944,0.418,1013.0,973.0,934.0,896.0,858.0,822.0,786.0,2995.0,2764.0,2546.0,2341.0,2148.0,1968.0,1800.0,-5.0,-1.2,0.0,-1.6,-6.3,-14.3,-25.9,218.0,-5.0,0.8,4.0,4.4,1.7,-4.3,-13.9
PH,6mm Creedmoor,103 gr. ELD-X,103.0,6.7,81392,0.512,930.0,898.0,868.0,838.0,808.0,779.0,750.0,2884.0,2694.0,2513.0,2342.0,2179.0,2026.0,1880.0,-5.0,-1.0,0.0,-2.3,-8.0,-17.6,-31.1,200.0,-5.0,1.0,4.0,3.7,-0.0,-7.6,-19.1
B,6mm Creedmoor,105 gr. BTHP,105.0,6.8,81396,0.512,902.0,872.0,841.0,812.0,783.0,754.0,726.0,2769.0,2584.0,2409.0,2242.0,2084.0,1935.0,1794.0,-5.0,-0.9,0.0,-2.6,-8.9,-19.2,-33.8,193.0,-5.0,1.1,4.0,3.4,-0.9,-9.2,-21.8
M,6mm Creedmoor,108 gr. ELD Match,108.0,7.0,81391,0.536,902.0,873.0,844.0,816.0,788.0,760.0,734.0,2849.0,2666.0,2493.0,2329.0,2172.0,2024.0,1883.0,-5.0,-0.9,0.0,-2.6,-8.8,-19.0,-33.4,193.0,-5.0,1.1,4.0,3.4,-0.8,-9.0,-21.4
LEV,25-35 Win,110 gr. FTX,110.0,7.1,8277,0.34,739.0,698.0,658.0,619.0,582.0,545.0,510.0,1947.0,1736.0,1543.0,1367.0,1206.0,1059.0,927.0,-5.0,0.0,0.0,-5.7,-17.8,-37.1,-64.7,152.0,-5.0,2.0,4.0,0.3,-9.8,-27.1,-52.7
C,250 Savage,100 gr. InterLock SP,100.0,6.5,8132,0.35,853.0,810.0,768.0,727.0,687.0,648.0,610.0,2360.0,2127.0,1911.0,1712.0,1529.0,1361.0,1207.0,-5.0,-0.6,0.0,-3.5,-11.7,-25.1,-44.3,175.0,-5.0,1.4,4.0,2.5,-3.7,-15.1,-32.3
SF,257 Roberts +P,117 gr. SST,117.0,7.6,81353,0.39,898.0,858.0,819.0,781.0,743.0,707.0,671.0,3057.0,2790.0,2541.0,2310.0,2094.0,1894.0,1709.0,-5.0,-0.8,0.0,-2.8,-9.7,-21.0,-37.2,187.0,-5.0,1.2,4.0,3.2,-1.7,-11.0,-25.2
SF,25-06 Rem,90 gr. CX,90.0,5.8,814464,0.273,1021.0,960.0,901.0,843.0,788.0,734.0,682.0,3041.0,2687.0,2366.0,2074.0,1810.0,1572.0,1358.0,-5.0,-1.2,0.0,-1.9,-7.2,-16.4,-30.3,208.0,-5.0,0.8,4.0,4.1,0.8,-6.4,-18.3
PH,25-06 Rem,110 gr. ELD-X,110.0,7.1,8143,0.465,957.0,922.0,888.0,854.0,821.0,789.0,758.0,3265.0,3031.0,2811.0,2602.0,2405.0,2220.0,2046.0,-5.0,-1.1,0.0,-2.1,-7.5,-16.5,-29.5,205.0,-5.0,0.9,4.0,3.9,0.5,-6.5,-17.5
SF,25-06 Rem,117 gr. SST,117.0,7.6,81453,0.39,948.0,907.0,866.0,827.0,788.0,751.0,714.0,3407.0,3116.0,2845.0,2592.0,2356.0,2137.0,1933.0,-5.0,-1.0,0.0,-2.3,-8.1,-17.9,-32.1,199.0,-5.0,1.0,4.0,3.7,-0.1,-7.9,-20.1
AW,25-06 Rem,117 gr. InterLock BTSP,117.0,7.6,8144,0.391,911.0,871.0,832.0,793.0,756.0,719.0,683.0,3149.0,2877.0,2622.0,2385.0,2165.0,1960.0,1770.0,-5.0,-0.9,0.0,-2.7,-9.2,-20.1,-35.7,190.0,-5.0,1.1,4.0,3.3,-1.2,-10.1,-23.7
O,257 Wby Mag,90 gr. CX,90.0,5.8,813624,0.273,1105.0,1041.0,979.0,919.0,861.0,804.0,750.0,3560.0,3160.0,2795.0,2462.0,2160.0,1887.0,1640.0,-5.0,-1.4,0.0,-1.2,-5.3,-12.7,-23.9,229.0,-5.0,0.6,4.0,4.8,2.7,-2.7,-11.9
PH,257 Wby Mag,110 gr. ELD-X,110.0,7.1,81364,0.465,988.0,952.0,917.0,883.0,850.0,817.0,784.0,3476.0,3231.0,2999.0,2780.0,2572.0,2377.0,2193.0,-5.0,-1.1,0.0,-1.8,-6.7,-15.0,-27.0,213.0,-5.0,0.9,4.0,4.2,1.3,-5.0,-15.0
B,6.5 Grendel,123 gr. ELD Match,123.0,8.0,81528,0.506,786.0,758.0,729.0,702.0,675.0,648.0,622.0,2465.0,2288.0,2120.0,1963.0,1814.0,1673.0,1541.0,-5.0,-0.4,0.0,-4.2,-13.5,-28.1,-48.6,166.0,-5.0,1.6,4.0,1.8,-5.5,-18.1,-36.6
C,6.5 Grendel,123 gr. SST,123.0,8.0,8152,0.506,786.0,758.0,729.0,702.0,675.0,648.0,622.0,2465.0,2288.0,2120.0,1963.0,1814.0,1673.0,1541.0,-5.0,-0.4,0.0,-4.2,-13.5,-28.1,-48.6,166.0,-5.0,1.6,4.0,1.8,-5.5,-18.1,-36.6
VM,6 M .5 a u x s 5 e 5 r mm Swedish,140 gr. BTHP,140.0,9.1,85508,0.58,792.0,767.0,742.0,718.0,694.0,670.0,647.0,2849.0,2671.0,2501.0,2339.0,2185.0,2039.0,1900.0,-5.0,-0.4,0.0,-4.0,-12.8,-26.7,-46.0,169.0,-5.0,1.6,4.0,2.0,-4.8,-16.7,-34.0
SF,6 M .5 a u x s 5 e 5 r mm Swedish,140 gr. SST,140.0,9.1,85507,0.52,834.0,805.0,776.0,748.0,721.0,694.0,668.0,3153.0,2938.0,2734.0,2541.0,2359.0,2186.0,2023.0,-5.0,-0.6,0.0,-3.5,-11.3,-23.9,-41.5,177.0,-5.0,1.4,4.0,2.5,-3.3,-13.9,-29.5
SF,260 Rem,129 gr. SST,129.0,8.4,8552,0.485,893.0,861.0,829.0,798.0,768.0,738.0,709.0,3334.0,3098.0,2875.0,2664.0,2465.0,2277.0,2100.0,-5.0,-0.8,0.0,-2.7,-9.3,-20.0,-35.3,190.0,-5.0,1.2,4.0,3.3,-1.3,-10.0,-23.3
M,260 Rem,130 gr. ELD Match,130.0,8.4,8553,0.554,866.0,838.0,811.0,784.0,757.0,732.0,706.0,3156.0,2958.0,2768.0,2588.0,2417.0,2254.0,2100.0,-5.0,-0.8,0.0,-3.0,-9.9,-21.2,-37.0,185.0,-5.0,1.2,4.0,3.0,-1.9,-11.2,-25.0
V,6.5 Creedmoor,95 gr. V-MAX,95.0,6.2,81481,0.365,1006.0,960.0,916.0,872.0,830.0,789.0,748.0,3114.0,2839.0,2582.0,2343.0,2121.0,1915.0,1724.0,-5.0,-1.2,0.0,-1.8,-6.7,-15.3,-27.8,212.0,-5.0,0.8,4.0,4.2,1.3,-5.3,-15.8
O,6.5 Creedmoor,120 gr. CX,120.0,7.8,814874,0.428,892.0,855.0,820.0,785.0,751.0,717.0,685.0,3091.0,2844.0,2611.0,2394.0,2190.0,2000.0,1822.0,-5.0,-0.8,0.0,-2.8,-9.6,-20.8,-36.8,187.0,-5.0,1.2,4.0,3.2,-1.6,-10.8,-24.8
SF,6.5 Creedmoor,120 gr. CX,120.0,7.8,814904,0.428,930.0,892.0,856.0,820.0,785.0,751.0,718.0,3360.0,3097.0,2849.0,2616.0,2398.0,2193.0,2002.0,-5.0,-1.0,0.0,-2.4,-8.4,-18.4,-32.8,196.0,-5.0,1.0,4.0,3.6,-0.4,-8.4,-20.8
M,6.5 Creedmoor,120 gr. ELD Match,120.0,7.8,81491,0.486,887.0,855.0,824.0,793.0,763.0,733.0,704.0,3059.0,2842.0,2637.0,2444.0,2261.0,2088.0,1926.0,-5.0,-0.8,0.0,-2.8,-9.5,-20.4,-35.9,188.0,-5.0,1.2,4.0,3.2,-1.5,-10.4,-23.9
SF,6.5 Creedmoor,129 gr. SST,129.0,8.4,81496,0.485,899.0,867.0,835.0,804.0,773.0,744.0,714.0,3380.0,3141.0,2915.0,2702.0,2501.0,2311.0,2132.0,-5.0,-0.9,0.0,-2.6,-9.1,-19.6,-34.6,191.0,-5.0,1.1,4.0,3.4,-1.1,-9.6,-22.6
AW,6.5 Creedmoor,129 gr. InterLock,129.0,8.4,81489,0.445,860.0,825.0,792.0,759.0,726.0,695.0,664.0,3088.0,2847.0,2619.0,2406.0,2206.0,2019.0,1844.0,-5.0,-0.7,0.0,-3.2,-10.7,-22.8,-40.0,180.0,-5.0,1.3,4.0,2.8,-2.7,-12.8,-28.0
CI,6.5 Creedmoor,140 gr. InterLock SP,140.0,9.1,81502,0.465,823.0,791.0,759.0,729.0,699.0,669.0,640.0,3072.0,2838.0,2617.0,2409.0,2213.0,2030.0,1859.0,-5.0,-0.5,0.0,-3.7,-12.0,-25.4,-44.3,173.0,-5.0,1.5,4.0,2.3,-4.0,-15.4,-32.3
M,6.5 Creedmoor,140 gr. ELD Match,140.0,9.1,81500,0.646,826.0,803.0,780.0,757.0,735.0,713.0,692.0,3095.0,2924.0,2760.0,2602.0,2452.0,2308.0,2171.0,-5.0,-0.6,0.0,-3.4,-11.1,-23.4,-40.5,177.0,-5.0,1.4,4.0,2.6,-3.1,-13.4,-28.5
AG,6.5 Creedmoor,140 gr. BTHP,140.0,9.1,81482,0.58,820.0,794.0,769.0,744.0,720.0,695.0,672.0,3050.0,2861.0,2682.0,2511.0,2349.0,2194.0,2047.0,-5.0,-0.6,0.0,-3.6,-11.6,-24.4,-42.2,175.0,-5.0,1.4,4.0,2.4,-3.6,-14.4,-30.2
PH,6.5 Creedmoor,143 gr. ELD-X,143.0,9.3,81499,0.623,823.0,799.0,775.0,752.0,729.0,707.0,684.0,3138.0,2958.0,2785.0,2621.0,2463.0,2313.0,2170.0,-5.0,-0.6,0.0,-3.5,-11.3,-23.8,-41.2,176.0,-5.0,1.4,4.0,2.5,-3.3,-13.8,-29.2
M,6.5 Creedmoor,147 gr. ELD Match,147.0,9.5,81501,0.697,821.0,800.0,779.0,758.0,737.0,717.0,697.0,3214.0,3048.0,2889.0,2737.0,2590.0,2449.0,2314.0,-5.0,-0.6,0.0,-3.5,-11.2,-23.4,-40.4,177.0,-5.0,1.4,4.0,2.5,-3.2,-13.4,-28.4
O,6.5 PRC,130 gr. CX,130.0,8.4,81622,0.489,907.0,875.0,843.0,812.0,781.0,752.0,722.0,3464.0,3222.0,2993.0,2777.0,2573.0,2380.0,2198.0,-5.0,-0.9,0.0,-2.6,-8.8,-19.1,-33.8,193.0,-5.0,1.1,4.0,3.4,-0.8,-9.1,-21.8
PH,6.5 PRC,143 gr. ELD-X,143.0,9.3,81621,0.623,902.0,877.0,852.0,828.0,803.0,780.0,756.0,3772.0,3564.0,3364.0,3173.0,2991.0,2816.0,2649.0,-5.0,-0.9,0.0,-2.5,-8.5,-18.4,-32.3,195.0,-5.0,1.1,4.0,3.5,-0.5,-8.4,-20.3
M,6.5 PRC,147 gr. ELD Match,147.0,9.5,81620,0.697,887.0,865.0,843.0,821.0,799.0,778.0,757.0,3747.0,3561.0,3381.0,3208.0,3042.0,2883.0,2730.0,-5.0,-0.9,0.0,-2.6,-8.8,-18.9,-33.0,193.0,-5.0,1.1,4.0,3.4,-0.8,-8.9,-21.0
C,264 Win Mag,140 gr. InterLock SP,140.0,9.1,8154,0.465,895.0,861.0,828.0,796.0,764.0,733.0,703.0,3631.0,3363.0,3111.0,2873.0,2649.0,2438.0,2240.0,-5.0,-0.8,0.0,-2.7,-9.3,-20.1,-35.5,189.0,-5.0,1.2,4.0,3.3,-1.3,-10.1,-23.5
C,6.8mm SPC,100 gr. CX,100.0,6.5,834814,0.262,777.0,723.0,670.0,619.0,570.0,524.0,479.0,1958.0,1692.0,1454.0,1242.0,1054.0,889.0,743.0,-5.0,-0.1,0.0,-5.3,-17.1,-36.4,-64.6,155.0,-5.0,1.9,4.0,0.7,-9.1,-26.4,-52.6
B,6.8mm SPC,"110 gr. V-MAX (16"" Bbl)",110.0,7.1,83464,0.37,785.0,746.0,708.0,670.0,634.0,599.0,565.0,2196.0,1982.0,1784.0,1602.0,1434.0,1279.0,1138.0,-5.0,-0.3,0.0,-4.6,-14.7,-30.8,-53.9,162.0,-5.0,1.7,4.0,1.4,-6.7,-20.8,-41.9
C,6.8mm SPC,"120 gr. SST (16"" Bbl)",120.0,7.8,8347,0.4,750.0,714.0,680.0,646.0,614.0,582.0,551.0,2186.0,1985.0,1798.0,1624.0,1464.0,1315.0,1179.0,-5.0,-0.1,0.0,-5.2,-16.3,-33.9,-58.8,156.0,-5.0,1.9,4.0,0.8,-8.3,-23.9,-46.8
O,270 Win,130 gr. CX,130.0,8.4,805294,0.265,914.0,855.0,798.0,743.0,689.0,638.0,589.0,3522.0,3081.0,2682.0,2323.0,2002.0,1715.0,1460.0,-5.0,-0.8,0.0,-3.0,-10.5,-23.2,-41.9,182.0,-5.0,1.2,4.0,3.0,-2.5,-13.2,-29.9
SF,270 Win,130 gr. CX,130.0,8.4,80524,0.403,972.0,932.0,892.0,853.0,815.0,778.0,742.0,3982.0,3657.0,3353.0,3067.0,2801.0,2552.0,2320.0,-5.0,-1.1,0.0,-2.0,-7.4,-16.4,-29.5,206.0,-5.0,0.9,4.0,4.0,0.6,-6.4,-17.5
SF,270 Win,130 gr. SST,130.0,8.4,80543,0.46,975.0,940.0,905.0,871.0,837.0,804.0,772.0,4007.0,3720.0,3449.0,3192.0,2950.0,2722.0,2508.0,-5.0,-1.1,0.0,-1.9,-7.0,-15.6,-28.1,210.0,-5.0,0.9,4.0,4.1,1.0,-5.6,-16.1
AW,270 Win,130 gr. InterLock SP,130.0,8.4,8053,0.462,933.0,898.0,864.0,831.0,798.0,766.0,735.0,3664.0,3398.0,3146.0,2908.0,2684.0,2473.0,2275.0,-5.0,-1.0,0.0,-2.3,-8.2,-17.9,-31.8,199.0,-5.0,1.0,4.0,3.7,-0.2,-7.9,-19.8
SF,270 Win,140 gr. SST,140.0,9.1,80563,0.495,942.0,909.0,877.0,846.0,815.0,785.0,755.0,4024.0,3751.0,3493.0,3248.0,3016.0,2796.0,2589.0,-5.0,-1.0,0.0,-2.2,-7.8,-17.0,-30.3,202.0,-5.0,1.0,4.0,3.8,0.2,-7.0,-18.3
PH,270 Win,145 gr. ELD-X,145.0,9.4,80536,0.536,905.0,876.0,847.0,819.0,791.0,763.0,736.0,3850.0,3605.0,3371.0,3149.0,2937.0,2737.0,2547.0,-5.0,-0.9,0.0,-2.5,-8.7,-18.8,-33.1,194.0,-5.0,1.1,4.0,3.5,-0.7,-8.8,-21.1
O,270 WSM,130 gr. CX,130.0,8.4,805574,0.403,960.0,920.0,880.0,842.0,804.0,768.0,732.0,3883.0,3564.0,3266.0,2986.0,2725.0,2481.0,2255.0,-5.0,-1.1,0.0,-2.1,-7.7,-17.1,-30.6,203.0,-5.0,0.9,4.0,3.9,0.3,-7.1,-18.6
PH,270 WSM,145 gr. ELD-X,145.0,9.4,80558,0.536,945.0,915.0,885.0,856.0,828.0,799.0,772.0,4195.0,3932.0,3682.0,3444.0,3217.0,3002.0,2798.0,-5.0,-1.0,0.0,-2.1,-7.5,-16.6,-29.4,204.0,-5.0,1.0,4.0,3.9,0.5,-6.6,-17.4
C,275 Rigby,140 gr. InterLock SP,140.0,9.1,8070,0.392,817.0,779.0,742.0,706.0,671.0,637.0,603.0,3027.0,2753.0,2499.0,2262.0,2042.0,1839.0,1652.0,-5.0,-0.5,0.0,-4.0,-12.9,-27.2,-47.6,169.0,-5.0,1.5,4.0,2.0,-4.9,-17.2,-35.6
CL,7mm-08 Rem,120 gr. SST,120.0,7.8,80572,0.365,815.0,775.0,735.0,697.0,659.0,623.0,588.0,2585.0,2334.0,2102.0,1888.0,1691.0,1509.0,1343.0,-5.0,-0.5,0.0,-4.1,-13.2,-28.0,-49.1,168.0,-5.0,1.5,4.0,1.9,-5.2,-18.0,-37.1
SF,7mm-08 Rem,139 gr. CX,139.0,9.0,805764,0.429,887.0,851.0,815.0,781.0,747.0,713.0,681.0,3543.0,3260.0,2994.0,2745.0,2511.0,2293.0,2089.0,-5.0,-0.8,0.0,-2.9,-9.8,-21.1,-37.2,186.0,-5.0,1.2,4.0,3.1,-1.8,-11.1,-25.2
SF,7mm-08 Rem,139 gr. SST,139.0,9.0,80573,0.486,899.0,867.0,835.0,804.0,774.0,744.0,715.0,3642.0,3385.0,3142.0,2913.0,2696.0,2492.0,2300.0,-5.0,-0.9,0.0,-2.6,-9.1,-19.6,-34.6,191.0,-5.0,1.1,4.0,3.4,-1.1,-9.6,-22.6
AW,7mm-08 Rem,139 gr. InterLock SP,139.0,9.0,8057,0.392,866.0,827.0,788.0,751.0,715.0,679.0,645.0,3375.0,3077.0,2800.0,2542.0,2302.0,2079.0,1873.0,-5.0,-0.7,0.0,-3.2,-10.8,-23.2,-40.9,180.0,-5.0,1.3,4.0,2.8,-2.8,-13.2,-28.9
PH,7mm-08 Rem,150 gr. ELD-X,150.0,9.7,85578,0.574,844.0,818.0,792.0,766.0,741.0,716.0,692.0,3465.0,3251.0,3048.0,2855.0,2670.0,2495.0,2329.0,-5.0,-0.7,0.0,-3.2,-10.7,-22.5,-39.2,180.0,-5.0,1.3,4.0,2.8,-2.7,-12.5,-27.2
PH,280 Rem,150 gr. ELD-X,150.0,9.7,81587,0.574,892.0,864.0,838.0,811.0,785.0,760.0,735.0,3863.0,3631.0,3410.0,3198.0,2997.0,2805.0,2623.0,-5.0,-0.9,0.0,-2.6,-9.0,-19.3,-33.9,192.0,-5.0,1.1,4.0,3.4,-1.0,-9.3,-21.9
PH,280 Ackley Imp,162 gr. ELD-X,162.0,10.5,85586,0.631,869.0,844.0,820.0,796.0,773.0,750.0,727.0,3961.0,3742.0,3531.0,3330.0,3138.0,2954.0,2778.0,-5.0,-0.8,0.0,-2.9,-9.6,-20.4,-35.6,187.0,-5.0,1.2,4.0,3.1,-1.6,-10.4,-23.6
AW,7mm Rem Mag,139 gr. InterLock SP,139.0,9.0,80591,0.453,960.0,924.0,889.0,855.0,821.0,788.0,755.0,4152.0,3848.0,3561.0,3290.0,3035.0,2795.0,2569.0,-5.0,-1.1,0.0,-2.0,-7.4,-16.5,-29.5,205.0,-5.0,0.9,4.0,4.0,0.6,-6.5,-17.5
SF,7mm Rem Mag,139 gr. SST,139.0,9.0,80593,0.486,988.0,954.0,920.0,887.0,855.0,824.0,793.0,4393.0,4096.0,3814.0,3547.0,3295.0,3056.0,2830.0,-5.0,-1.2,0.0,-1.7,-6.6,-14.8,-26.6,214.0,-5.0,0.8,4.0,4.3,1.4,-4.8,-14.6
O,7mm Rem Mag,150 gr. CX,150.0,9.7,806114,0.455,914.0,880.0,846.0,812.0,779.0,747.0,716.0,4064.0,3761.0,3475.0,3206.0,2953.0,2715.0,2492.0,-5.0,-0.9,0.0,-2.5,-8.8,-19.0,-33.7,194.0,-5.0,1.1,4.0,3.5,-0.8,-9.0,-21.7
AW,7mm Rem Mag,154 gr. InterLock SP,154.0,10.0,80590,0.433,925.0,888.0,852.0,817.0,783.0,749.0,716.0,4270.0,3938.0,3626.0,3332.0,3057.0,2799.0,2558.0,-5.0,-0.9,0.0,-2.4,-8.5,-18.6,-33.1,195.0,-5.0,1.1,4.0,3.6,-0.5,-8.6,-21.1
SF,7mm Rem Mag,154 gr. SST,154.0,10.0,8061,0.525,945.0,914.0,884.0,854.0,825.0,796.0,768.0,4455.0,4170.0,3900.0,3642.0,3398.0,3166.0,2946.0,-5.0,-1.0,0.0,-2.1,-7.6,-16.6,-29.6,204.0,-5.0,1.0,4.0,3.9,0.4,-6.6,-17.6
SF,7mm Rem Mag,162 gr. SST,162.0,10.5,80633,0.55,924.0,895.0,866.0,838.0,811.0,783.0,757.0,4477.0,4201.0,3938.0,3687.0,3449.0,3222.0,3007.0,-5.0,-1.0,0.0,-2.3,-8.1,-17.6,-31.1,199.0,-5.0,1.0,4.0,3.7,-0.1,-7.6,-19.1
PH,7mm Rem Mag,162 gr. ELD-X,162.0,10.5,80636,0.631,896.0,871.0,847.0,823.0,799.0,775.0,752.0,4215.0,3985.0,3764.0,3553.0,3350.0,3156.0,2971.0,-5.0,-0.9,0.0,-2.5,-8.7,-18.7,-32.8,194.0,-5.0,1.1,4.0,3.5,-0.7,-8.7,-20.8
O,7mm WSM,150 gr. CX,150.0,9.7,805514,0.455,930.0,895.0,860.0,826.0,793.0,761.0,729.0,4201.0,3890.0,3597.0,3320.0,3060.0,2816.0,2586.0,-5.0,-1.0,0.0,-2.3,-8.3,-18.1,-32.2,198.0,-5.0,1.0,4.0,3.7,-0.3,-8.1,-20.2
PH,7mm WSM,162 gr. ELD-X,162.0,10.5,80552,0.631,914.0,889.0,865.0,840.0,816.0,792.0,769.0,4389.0,4151.0,3923.0,3705.0,3496.0,3295.0,3104.0,-5.0,-0.9,0.0,-2.3,-8.1,-17.6,-31.0,199.0,-5.0,1.1,4.0,3.7,-0.1,-7.6,-19.0
LEV,7-30 Waters,120 gr. FTX,120.0,7.8,81569,0.32,823.0,777.0,732.0,688.0,645.0,604.0,565.0,2633.0,2345.0,2081.0,1840.0,1620.0,1421.0,1240.0,-5.0,-0.5,0.0,-4.1,-13.4,-28.6,-50.6,167.0,-5.0,1.5,4.0,1.9,-5.4,-18.6,-38.6
PH,28 Nosler,162 gr. ELD-X,162.0,10.5,8069,0.631,968.0,942.0,916.0,891.0,866.0,842.0,818.0,4916.0,4656.0,4407.0,4168.0,3939.0,3719.0,3508.0,-5.0,-1.1,0.0,-1.8,-6.7,-14.9,-26.5,213.0,-5.0,0.9,4.0,4.2,1.3,-4.9,-14.5
PH,7mm STW,162 gr. ELD-X,162.0,10.5,80851,0.631,930.0,904.0,879.0,855.0,830.0,806.0,783.0,4537.0,4293.0,4059.0,3834.0,3619.0,3414.0,3217.0,-5.0,-1.0,0.0,-2.2,-7.7,-16.8,-29.6,203.0,-5.0,1.0,4.0,3.8,0.3,-6.8,-17.6
CD,30 Carbine,"110 gr. FTX (20"" Bbl)",110.0,7.1,81030,0.178,610.0,540.0,475.0,413.0,356.0,304.0,255.0,1325.0,1039.0,803.0,609.0,453.0,329.0,232.0,-5.0,1.7,0.0,-12.7,-39.8,-86.3,-159.3,126.0,-5.0,3.7,4.0,-6.7,-31.8,-76.3,-147.3
C,300 Blackout,"110 gr. CX (16"" Bbl)",110.0,7.1,808794,0.312,696.0,653.0,611.0,571.0,531.0,494.0,457.0,1729.0,1520.0,1331.0,1161.0,1007.0,869.0,745.0,-5.0,0.4,0.0,-7.0,-21.4,-44.6,-77.9,144.0,-5.0,2.4,4.0,-1.0,-13.4,-34.6,-65.9
B,300 Blackout,"110 gr. V-MAX (16"" Bbl)",110.0,7.1,80873,0.29,724.0,676.0,630.0,586.0,543.0,502.0,463.0,1868.0,1630.0,1416.0,1224.0,1052.0,899.0,763.0,-5.0,0.2,0.0,-6.4,-19.9,-41.7,-73.3,148.0,-5.0,2.2,4.0,-0.4,-11.9,-31.7,-61.3
AG,300 Blackout,"125 gr. HP (16"" Bbl)",125.0,8.1,80897,0.32,663.0,622.0,582.0,544.0,506.0,470.0,436.0,1780.0,1566.0,1372.0,1197.0,1038.0,897.0,770.0,-5.0,0.7,0.0,-7.9,-24.2,-50.0,-86.9,139.0,-5.0,2.7,4.0,-1.9,-16.2,-40.0,-74.9
C,300 Blackout,"135 gr. FTX (16"" Bbl)",135.0,8.7,80881,0.274,636.0,589.0,544.0,501.0,459.0,419.0,382.0,1767.0,1516.0,1293.0,1096.0,922.0,770.0,637.0,-5.0,1.0,0.0,-9.4,-28.5,-59.4,-104.1,134.0,-5.0,3.0,4.0,-3.4,-20.5,-49.4,-92.1
SUB,300 Blackout,"190 gr. SUB-X (16"" Bbl)",190.0,12.3,80877,0.437,320.0,311.0,303.0,295.0,289.0,,,630.0,595.0,564.0,537.0,513.0,,,-5.0,10.3,0.0,-37.2,-103.5,,,108.0,-5.0,12.3,4.0,-31.5,-95.9,,
LEV,30-30 Win,140 gr. MonoFlex,140.0,9.1,82736,0.295,770.0,721.0,674.0,629.0,585.0,543.0,503.0,2687.0,2360.0,2063.0,1795.0,1555.0,1339.0,1146.0,-5.0,-0.1,0.0,-5.3,-16.7,-35.4,-62.3,156.0,-5.0,1.9,4.0,0.7,-8.7,-25.4,-50.3
AW,30-30 Win,150 gr. RN,150.0,9.7,80801,0.186,728.0,655.0,585.0,519.0,457.0,399.0,345.0,2579.0,2084.0,1663.0,1309.0,1016.0,774.0,579.0,-5.0,0.4,0.0,-7.6,-24.3,-52.8,-96.7,141.0,-5.0,2.4,4.0,-1.6,-16.3,-42.8,-84.7
LEV,30-30 Win,160 gr. FTX,160.0,10.4,82730,0.33,732.0,689.0,648.0,609.0,570.0,533.0,497.0,2774.0,2464.0,2180.0,1922.0,1687.0,1474.0,1283.0,-5.0,0.1,0.0,-5.9,-18.5,-38.6,-67.3,151.0,-5.0,2.1,4.0,0.1,-10.5,-28.6,-55.3
SUB,30-30 Win,175 gr. SUB-X,175.0,11.3,80809,0.3,320.0,307.0,296.0,286.0,278.0,,,581.0,534.0,496.0,465.0,437.0,,,-5.0,10.7,0.0,-38.9,-108.9,,,107.0,-5.0,12.4,3.7,-33.7,-101.9,,
SF,300 Savage,150 gr. SST,150.0,9.7,82221,0.37,835.0,795.0,755.0,717.0,679.0,643.0,607.0,3390.0,3069.0,2771.0,2496.0,2241.0,2007.0,1791.0,-5.0,-0.6,0.0,-3.7,-12.3,-26.1,-45.9,172.0,-5.0,1.4,4.0,2.3,-4.3,-16.1,-33.9
LEV,307 Win,160 gr. FTX,160.0,10.4,8273,0.33,808.0,763.0,720.0,678.0,637.0,598.0,559.0,3382.0,3020.0,2687.0,2383.0,2105.0,1852.0,1623.0,-5.0,-0.4,0.0,-4.3,-14.0,-29.8,-52.4,165.0,-5.0,1.6,4.0,1.7,-6.0,-19.8,-40.4
LEV,308 Marlin Express,160 gr. FTX,160.0,10.4,82733,0.395,811.0,773.0,737.0,701.0,667.0,633.0,600.0,3408.0,3101.0,2815.0,2550.0,2304.0,2076.0,1865.0,-5.0,-0.4,0.0,-4.1,-13.1,-27.7,-48.4,168.0,-5.0,1.6,4.0,1.9,-5.1,-17.7,-36.4
CL,308 Win,125 gr. SST,125.0,8.1,80866,0.305,815.0,767.0,720.0,675.0,631.0,588.0,547.0,2693.0,2383.0,2100.0,1843.0,1611.0,1401.0,1213.0,-5.0,-0.4,0.0,-4.3,-14.0,-29.9,-52.9,165.0,-5.0,1.6,4.0,1.7,-6.0,-19.9,-40.9
SF,308 Win,150 gr. SST,150.0,9.7,80933,0.415,914.0,876.0,839.0,803.0,767.0,732.0,698.0,4064.0,3733.0,3422.0,3132.0,2860.0,2606.0,2370.0,-5.0,-0.9,0.0,-2.6,-9.0,-19.5,-34.7,192.0,-5.0,1.1,4.0,3.4,-1.0,-9.5,-22.7
AW,308 Win,150 gr. InterLock SP,150.0,9.7,8090,0.349,860.0,816.0,773.0,732.0,692.0,653.0,615.0,3591.0,3236.0,2907.0,2605.0,2326.0,2071.0,1837.0,-5.0,-0.7,0.0,-3.4,-11.5,-24.6,-43.5,176.0,-5.0,1.3,4.0,2.6,-3.5,-14.6,-31.5
C,308 Win,150 gr. SST,150.0,9.7,8093,0.415,860.0,823.0,787.0,752.0,717.0,684.0,651.0,3591.0,3290.0,3009.0,2746.0,2501.0,2272.0,2060.0,-5.0,-0.7,0.0,-3.3,-10.9,-23.3,-40.9,179.0,-5.0,1.3,4.0,2.7,-2.9,-13.3,-28.9
CD,308 Win,155 gr. FTX,155.0,10.0,80920,0.313,849.0,801.0,754.0,708.0,664.0,622.0,581.0,3619.0,3220.0,2854.0,2520.0,2217.0,1942.0,1693.0,-5.0,-0.6,0.0,-3.7,-12.4,-26.6,-47.1,172.0,-5.0,1.4,4.0,2.3,-4.4,-16.6,-35.1
B,308 Win,155 gr. A-MAX,155.0,10.0,80927,0.435,869.0,833.0,799.0,765.0,732.0,700.0,668.0,3790.0,3488.0,3205.0,2939.0,2690.0,2458.0,2240.0,-5.0,-0.7,0.0,-3.1,-10.4,-22.3,-39.2,182.0,-5.0,1.3,4.0,2.9,-2.4,-12.3,-27.2
AG,308 Win,155 gr. BTHP,155.0,10.0,80967,0.405,823.0,786.0,750.0,715.0,681.0,648.0,615.0,3402.0,3104.0,2827.0,2569.0,2329.0,2106.0,1899.0,-5.0,-0.5,0.0,-3.8,-12.5,-26.4,-46.2,171.0,-5.0,1.5,4.0,2.2,-4.5,-16.4,-34.2
AW,308 Win,165 gr. InterLock SP,165.0,10.7,80904,0.435,823.0,789.0,755.0,722.0,690.0,659.0,628.0,3621.0,3326.0,3049.0,2790.0,2548.0,2322.0,2111.0,-5.0,-0.5,0.0,-3.8,-12.2,-25.9,-45.1,172.0,-5.0,1.5,4.0,2.2,-4.2,-15.9,-33.1
O,308 Win,165 gr. CX,165.0,10.7,809864,0.44,796.0,762.0,730.0,698.0,667.0,636.0,607.0,3384.0,3107.0,2847.0,2604.0,2377.0,2166.0,1968.0,-5.0,-0.4,0.0,-4.2,-13.5,-28.2,-49.1,166.0,-5.0,1.6,4.0,1.8,-5.5,-18.2,-37.1
SF,308 Win,165 gr. SST,165.0,10.7,80983,0.447,866.0,831.0,798.0,765.0,733.0,701.0,670.0,4006.0,3695.0,3402.0,3128.0,2870.0,2628.0,2402.0,-5.0,-0.7,0.0,-3.1,-10.5,-22.3,-39.2,182.0,-5.0,1.3,4.0,2.9,-2.5,-12.3,-27.2
SF,308 Win,165 gr. CX,165.0,10.7,80990,0.44,838.0,804.0,770.0,738.0,706.0,674.0,644.0,3756.0,3456.0,3174.0,2910.0,2662.0,2431.0,2215.0,-5.0,-0.6,0.0,-3.5,-11.6,-24.5,-42.9,175.0,-5.0,1.4,4.0,2.5,-3.6,-14.5,-30.9
M,308 Win,168 gr. BTHP,168.0,10.9,8097,0.45,823.0,790.0,757.0,726.0,695.0,664.0,634.0,3687.0,3396.0,3123.0,2866.0,2626.0,2401.0,2191.0,-5.0,-0.5,0.0,-3.7,-12.1,-25.6,-44.7,172.0,-5.0,1.5,4.0,2.3,-4.1,-15.6,-32.7
M,308 Win,168 gr. ELD Match,168.0,10.9,80966,0.523,823.0,794.0,766.0,739.0,712.0,685.0,659.0,3687.0,3436.0,3197.0,2972.0,2758.0,2556.0,2366.0,-5.0,-0.6,0.0,-3.6,-11.7,-24.7,-42.9,174.0,-5.0,1.4,4.0,2.4,-3.7,-14.7,-30.9
SM,308 Win,168 gr. ELD Match,168.0,10.9,80963,0.523,866.0,836.0,807.0,779.0,751.0,724.0,697.0,4079.0,3807.0,3549.0,3304.0,3072.0,2853.0,2645.0,-5.0,-0.7,0.0,-3.0,-10.1,-21.5,-37.6,184.0,-5.0,1.3,4.0,3.0,-2.1,-11.5,-25.6
B,308 Win,168 gr. A-MAX,168.0,10.9,80971,0.475,823.0,792.0,761.0,731.0,701.0,672.0,644.0,3687.0,3411.0,3151.0,2906.0,2675.0,2459.0,2256.0,-5.0,-0.5,0.0,-3.7,-12.0,-25.3,-44.0,173.0,-5.0,1.5,4.0,2.3,-4.0,-15.3,-32.0
M,308 Win,178 gr. BTHP,178.0,11.5,8105,0.53,792.0,765.0,738.0,711.0,685.0,659.0,634.0,3622.0,3375.0,3140.0,2917.0,2707.0,2508.0,2321.0,-5.0,-0.4,0.0,-4.1,-13.1,-27.2,-47.1,168.0,-5.0,1.6,4.0,1.9,-5.1,-17.2,-35.1
PH,308 Win,178 gr. ELD-X,178.0,11.5,80994,0.552,792.0,766.0,740.0,714.0,689.0,665.0,640.0,3622.0,3384.0,3158.0,2943.0,2740.0,2547.0,2364.0,-5.0,-0.4,0.0,-4.1,-12.9,-27.0,-46.6,168.0,-5.0,1.6,4.0,1.9,-4.9,-17.0,-34.6
CI,308 Win,180 gr. InterLock SP,180.0,11.7,80993,0.425,792.0,758.0,725.0,692.0,660.0,628.0,598.0,3663.0,3353.0,3062.0,2791.0,2539.0,2304.0,2085.0,-5.0,-0.4,0.0,-4.3,-13.7,-28.8,-50.1,165.0,-5.0,1.6,4.0,1.7,-5.7,-18.8,-38.1
CI,308 Win,220 gr. InterLock RN,220.0,14.3,8107,0.3,704.0,659.0,615.0,573.0,532.0,493.0,455.0,3534.0,3094.0,2696.0,2338.0,2017.0,1730.0,1474.0,-5.0,0.3,0.0,-6.8,-21.1,-44.1,-77.2,145.0,-5.0,2.3,4.0,-0.8,-13.1,-34.1,-65.2
C,30-40 Krag,180 gr. InterLock SP,180.0,11.7,81202,0.425,741.0,708.0,675.0,644.0,613.0,583.0,554.0,3200.0,2920.0,2660.0,2417.0,2191.0,1982.0,1788.0,-5.0,-0.0,0.0,-5.3,-16.6,-34.4,-59.4,155.0,-5.0,2.0,4.0,0.7,-8.6,-24.4,-47.4
SF,30 TC,150 gr. SST,150.0,9.7,81004,0.415,914.0,876.0,839.0,803.0,767.0,732.0,698.0,4064.0,3733.0,3422.0,3132.0,2860.0,2606.0,2370.0,-5.0,-0.9,0.0,-2.6,-9.0,-19.5,-34.7,192.0,-5.0,1.1,4.0,3.4,-1.0,-9.5,-22.7
CL,30-06 Springfield,125 gr. SST,125.0,8.1,81066,0.305,823.0,774.0,727.0,681.0,637.0,595.0,553.0,2743.0,2429.0,2142.0,1881.0,1645.0,1432.0,1240.0,-5.0,-0.5,0.0,-4.2,-13.7,-29.2,-51.7,166.0,-5.0,1.5,4.0,1.8,-5.7,-19.2,-39.7
SF,30-06 Springfield,150 gr. SST,150.0,9.7,81093,0.415,939.0,900.0,862.0,825.0,789.0,754.0,719.0,4284.0,3939.0,3615.0,3311.0,3027.0,2762.0,2515.0,-5.0,-1.0,0.0,-2.3,-8.2,-18.1,-32.3,198.0,-5.0,1.0,4.0,3.7,-0.2,-8.1,-20.3
AW,30-06 Springfield,150 gr. InterLock SP,150.0,9.7,8108,0.338,887.0,841.0,797.0,753.0,711.0,670.0,630.0,3824.0,3439.0,3084.0,2757.0,2457.0,2182.0,1931.0,-5.0,-0.8,0.0,-3.1,-10.5,-22.8,-40.6,182.0,-5.0,1.2,4.0,2.9,-2.5,-12.8,-28.6
SF,30-06 Springfield,165 gr. SST,165.0,10.7,81153,0.447,902.0,867.0,833.0,799.0,766.0,734.0,702.0,4352.0,4020.0,3707.0,3413.0,3137.0,2878.0,2636.0,-5.0,-0.9,0.0,-2.7,-9.2,-19.9,-35.1,190.0,-5.0,1.1,4.0,3.3,-1.2,-9.9,-23.1
SF,30-06 Springfield,165 gr. CX,165.0,10.7,81169,0.44,896.0,861.0,826.0,792.0,758.0,726.0,694.0,4293.0,3960.0,3646.0,3352.0,3075.0,2816.0,2574.0,-5.0,-0.8,0.0,-2.8,-9.4,-20.4,-35.9,189.0,-5.0,1.2,4.0,3.2,-1.4,-10.4,-23.9
VM,30-06 Springfield,168 gr. ELD Match,168.0,10.9,81171,0.523,826.0,797.0,769.0,742.0,715.0,688.0,662.0,3714.0,3461.0,3222.0,2995.0,2780.0,2577.0,2385.0,-5.0,-0.6,0.0,-3.6,-11.6,-24.4,-42.5,175.0,-5.0,1.4,4.0,2.4,-3.6,-14.4,-30.5
PH,30-06 Springfield,178 gr. ELD-X,178.0,11.5,81174,0.552,838.0,811.0,784.0,758.0,732.0,706.0,681.0,4052.0,3792.0,3545.0,3310.0,3087.0,2875.0,2675.0,-5.0,-0.6,0.0,-3.4,-11.0,-23.2,-40.3,178.0,-5.0,1.4,4.0,2.6,-3.0,-13.2,-28.3
O,30-06 Springfield,180 gr. CX,180.0,11.7,811864,0.469,792.0,761.0,731.0,701.0,672.0,643.0,615.0,3663.0,3381.0,3115.0,2866.0,2631.0,2412.0,2206.0,-5.0,-0.4,0.0,-4.2,-13.4,-28.1,-48.6,166.0,-5.0,1.6,4.0,1.8,-5.4,-18.1,-36.6
AW,30-06 Springfield,180 gr. InterLock SP,180.0,11.7,81084,0.425,823.0,788.0,754.0,720.0,687.0,655.0,624.0,3950.0,3621.0,3313.0,3024.0,2755.0,2505.0,2272.0,-5.0,-0.5,0.0,-3.8,-12.3,-26.0,-45.5,172.0,-5.0,1.5,4.0,2.2,-4.3,-16.0,-33.5
CI,30-06 Springfield,180 gr. InterLock SP,180.0,11.7,81182,0.425,797.0,763.0,729.0,696.0,664.0,632.0,602.0,3705.0,3392.0,3099.0,2826.0,2571.0,2333.0,2113.0,-5.0,-0.4,0.0,-4.2,-13.5,-28.4,-49.4,166.0,-5.0,1.6,4.0,1.8,-5.5,-18.4,-37.4
SF,30-06 Springfield,180 gr. SST,180.0,11.7,81183,0.48,860.0,828.0,796.0,766.0,736.0,706.0,678.0,4309.0,3996.0,3700.0,3421.0,3158.0,2910.0,2678.0,-5.0,-0.7,0.0,-3.2,-10.5,-22.4,-39.2,181.0,-5.0,1.3,4.0,2.8,-2.5,-12.4,-27.2
CI,30-06 Springfield,220 gr. InterLock RN,220.0,14.3,8114,0.3,721.0,675.0,631.0,588.0,546.0,506.0,468.0,3704.0,3247.0,2834.0,2462.0,2127.0,1828.0,1561.0,-5.0,0.2,0.0,-6.4,-19.9,-41.6,-72.9,148.0,-5.0,2.2,4.0,-0.4,-11.9,-31.6,-60.9
C,300 H&H Mag,180 gr. InterBond,180.0,11.7,8210,0.48,875.0,843.0,811.0,780.0,750.0,720.0,691.0,4463.0,4141.0,3837.0,3550.0,3279.0,3024.0,2784.0,-5.0,-0.8,0.0,-3.0,-9.9,-21.3,-37.4,185.0,-5.0,1.2,4.0,3.0,-1.9,-11.3,-25.4
PH,300 RSAUM,178 gr. ELD-X,178.0,11.5,82144,0.552,899.0,871.0,843.0,815.0,788.0,762.0,736.0,4663.0,4373.0,4097.0,3834.0,3584.0,3346.0,3120.0,-5.0,-0.9,0.0,-2.6,-8.8,-19.0,-33.5,193.0,-5.0,1.1,4.0,3.4,-0.8,-9.0,-21.5
SF,300 RCM,150 gr. SST,150.0,9.7,82231,0.415,1009.0,969.0,929.0,891.0,853.0,816.0,780.0,4947.0,4561.0,4198.0,3857.0,3537.0,3238.0,2957.0,-5.0,-1.2,0.0,-1.6,-6.4,-14.5,-26.3,216.0,-5.0,0.8,4.0,4.4,1.6,-4.5,-14.3
PH,300 RCM,178 gr. ELD-X,178.0,11.5,82224,0.552,884.0,856.0,828.0,801.0,774.0,748.0,722.0,4506.0,4224.0,3955.0,3699.0,3456.0,3225.0,3006.0,-5.0,-0.8,0.0,-2.8,-9.3,-20.0,-35.1,189.0,-5.0,1.2,4.0,3.2,-1.3,-10.0,-23.1
AW,300 WSM,165 gr. InterLock,165.0,10.7,82204,0.435,954.0,917.0,880.0,845.0,810.0,776.0,742.0,4866.0,4494.0,4144.0,3815.0,3506.0,3215.0,2944.0,-5.0,-1.0,0.0,-2.1,-7.7,-17.0,-30.4,203.0,-5.0,1.0,4.0,3.9,0.3,-7.0,-18.4
O,300 WSM,180 gr. CX,180.0,11.7,822034,0.469,884.0,851.0,818.0,787.0,755.0,725.0,695.0,4557.0,4222.0,3906.0,3609.0,3328.0,3064.0,2816.0,-5.0,-0.8,0.0,-2.9,-9.7,-20.8,-36.6,187.0,-5.0,1.2,4.0,3.1,-1.7,-10.8,-24.6
PH,300 WSM,200 gr. ELD-X,200.0,13.0,82208,0.597,860.0,834.0,809.0,784.0,759.0,735.0,712.0,4788.0,4507.0,4238.0,3981.0,3736.0,3503.0,3281.0,-5.0,-0.7,0.0,-3.0,-10.0,-21.3,-37.1,184.0,-5.0,1.3,4.0,3.0,-2.0,-11.3,-25.1
AW,300 Win Mag,150 gr. InterLock SP,150.0,9.7,8204,0.349,998.0,951.0,905.0,859.0,816.0,773.0,731.0,4843.0,4394.0,3977.0,3590.0,3232.0,2902.0,2598.0,-5.0,-1.1,0.0,-1.9,-7.0,-15.9,-28.9,209.0,-5.0,0.9,4.0,4.1,1.0,-5.9,-16.9
SF,300 Win Mag,165 gr. CX,165.0,10.7,820264,0.44,994.0,956.0,919.0,883.0,848.0,813.0,779.0,5279.0,4887.0,4517.0,4169.0,3841.0,3533.0,3244.0,-5.0,-1.2,0.0,-1.7,-6.6,-14.9,-27.0,214.0,-5.0,0.8,4.0,4.3,1.4,-4.9,-15.0
M,300 Win Mag,178 gr. ELD Match,178.0,11.5,82043,0.547,902.0,873.0,845.0,817.0,790.0,763.0,737.0,4695.0,4401.0,4121.0,3854.0,3601.0,3360.0,3131.0,-5.0,-0.9,0.0,-2.5,-8.8,-18.9,-33.2,194.0,-5.0,1.1,4.0,3.5,-0.8,-8.9,-21.2
PH,300 Win Mag,178 gr. ELD-X,178.0,11.5,82041,0.552,902.0,874.0,846.0,818.0,791.0,764.0,738.0,4695.0,4403.0,4125.0,3861.0,3609.0,3370.0,3143.0,-5.0,-0.9,0.0,-2.5,-8.7,-18.9,-33.2,194.0,-5.0,1.1,4.0,3.5,-0.7,-8.9,-21.2
O,300 Win Mag,180 gr. CX,180.0,11.7,821974,0.469,902.0,869.0,836.0,804.0,772.0,741.0,711.0,4748.0,4402.0,4076.0,3768.0,3478.0,3205.0,2948.0,-5.0,-0.9,0.0,-2.6,-9.1,-19.6,-34.6,191.0,-5.0,1.1,4.0,3.4,-1.1,-9.6,-22.6
AW,300 Win Mag,180 gr. InterLock SP,180.0,11.7,82044,0.425,902.0,865.0,829.0,794.0,759.0,725.0,692.0,4748.0,4367.0,4010.0,3676.0,3363.0,3070.0,2797.0,-5.0,-0.9,0.0,-2.7,-9.3,-20.2,-35.7,190.0,-5.0,1.1,4.0,3.3,-1.3,-10.2,-23.7
CI,300 Win Mag,180 gr. InterLock SP,180.0,11.7,8206,0.425,902.0,865.0,829.0,794.0,759.0,725.0,692.0,4748.0,4367.0,4010.0,3676.0,3363.0,3070.0,2797.0,-5.0,-0.9,0.0,-2.7,-9.3,-20.2,-35.7,190.0,-5.0,1.1,4.0,3.3,-1.3,-10.2,-23.7
SF,300 Win Mag,180 gr. SST,180.0,11.7,82193,0.48,954.0,920.0,887.0,855.0,823.0,791.0,761.0,5309.0,4940.0,4591.0,4260.0,3948.0,3654.0,3376.0,-5.0,-1.1,0.0,-2.1,-7.5,-16.5,-29.5,205.0,-5.0,0.9,4.0,3.9,0.5,-6.5,-17.5
M,300 Win Mag,195 gr. ELD Match,195.0,12.6,82180,0.584,893.0,866.0,840.0,814.0,788.0,763.0,739.0,5040.0,4742.0,4458.0,4187.0,3928.0,3681.0,3447.0,-5.0,-0.9,0.0,-2.6,-8.9,-19.2,-33.6,192.0,-5.0,1.1,4.0,3.4,-0.9,-9.2,-21.6
PH,300 Win Mag,200 gr. ELD-X,200.0,13.0,82002,0.597,872.0,846.0,820.0,795.0,771.0,746.0,723.0,4925.0,4637.0,4362.0,4100.0,3849.0,3611.0,3383.0,-5.0,-0.8,0.0,-2.9,-9.6,-20.5,-35.7,187.0,-5.0,1.2,4.0,3.1,-1.6,-10.5,-23.7
O,300 Wby Mag,180 gr. CX,180.0,11.7,822124,0.469,945.0,911.0,877.0,844.0,811.0,780.0,748.0,5207.0,4836.0,4485.0,4153.0,3840.0,3545.0,3267.0,-5.0,-1.0,0.0,-2.2,-7.8,-17.1,-30.5,202.0,-5.0,1.0,4.0,3.8,0.2,-7.1,-18.5
PH,300 Wby Mag,200 gr. ELD-X,200.0,13.0,82213,0.597,902.0,876.0,850.0,824.0,799.0,774.0,750.0,5275.0,4972.0,4681.0,4404.0,4139.0,3887.0,3646.0,-5.0,-0.9,0.0,-2.5,-8.6,-18.5,-32.6,195.0,-5.0,1.1,4.0,3.5,-0.6,-8.5,-20.6
O,300 PRC,190 gr. CX,190.0,12.3,82164,0.575,914.0,887.0,860.0,833.0,807.0,781.0,755.0,5148.0,4842.0,4551.0,4272.0,4007.0,3754.0,3514.0,-5.0,-0.9,0.0,-2.4,-8.3,-18.0,-31.7,197.0,-5.0,1.1,4.0,3.6,-0.3,-8.0,-19.7
PH,300 PRC,212 gr. ELD-X,212.0,13.7,82166,0.663,872.0,848.0,825.0,803.0,780.0,758.0,737.0,5220.0,4945.0,4681.0,4427.0,4184.0,3952.0,3729.0,-5.0,-0.8,0.0,-2.8,-9.4,-20.0,-34.9,188.0,-5.0,1.2,4.0,3.2,-1.4,-10.0,-22.9
M,300 PRC,225 gr. ELD Match,225.0,14.6,82162,0.777,856.0,837.0,817.0,798.0,779.0,760.0,742.0,5348.0,5105.0,4870.0,4644.0,4425.0,4214.0,4011.0,-5.0,-0.7,0.0,-2.9,-9.7,-20.5,-35.6,186.0,-5.0,1.3,4.0,3.1,-1.7,-10.5,-23.6
O,300 Rem Ultra Mag,180 gr. CX,180.0,11.7,82084,0.469,975.0,940.0,906.0,872.0,839.0,807.0,775.0,5549.0,5158.0,4789.0,4440.0,4110.0,3799.0,3506.0,-5.0,-1.1,0.0,-1.9,-7.0,-15.5,-27.9,210.0,-5.0,0.9,4.0,4.1,1.0,-5.5,-15.9
PH,300 Rem Ultra Mag,220 gr. ELD-X,220.0,14.3,8209,0.654,887.0,863.0,840.0,816.0,794.0,771.0,749.0,5608.0,5311.0,5026.0,4752.0,4490.0,4238.0,3998.0,-5.0,-0.9,0.0,-2.6,-8.9,-19.1,-33.4,192.0,-5.0,1.1,4.0,3.4,-0.9,-9.1,-21.4
PH,30-378 Wby Mag,220 gr. ELD-X,220.0,14.3,82214,0.65,922.0,898.0,873.0,850.0,826.0,803.0,780.0,6060.0,5743.0,5437.0,5145.0,4864.0,4595.0,4337.0,-5.0,-1.0,0.0,-2.2,-7.9,-17.1,-30.1,201.0,-5.0,1.0,4.0,3.8,0.1,-7.1,-18.1
B,7.62 x 39mm,"123 gr. SST (20"" Bbl)",123.0,8.0,80784,0.26,716.0,664.0,613.0,564.0,518.0,473.0,430.0,2045.0,1755.0,1498.0,1269.0,1068.0,892.0,739.0,-5.0,0.3,0.0,-6.8,-21.4,-45.1,-79.8,145.0,-5.0,2.3,4.0,-0.8,-13.4,-35.1,-67.8
AG,7.62 x 39mm,"123 gr. HP Match (20"" Bbl)",123.0,8.0,80786,0.272,716.0,666.0,617.0,571.0,526.0,483.0,442.0,2045.0,1767.0,1519.0,1298.0,1102.0,929.0,777.0,-5.0,0.3,0.0,-6.7,-21.0,-44.1,-77.8,145.0,-5.0,2.3,4.0,-0.7,-13.0,-34.1,-65.8
C,303 British,150 gr. InterLock SP,150.0,9.7,8225,0.361,818.0,777.0,737.0,698.0,660.0,624.0,588.0,3255.0,2937.0,2642.0,2371.0,2120.0,1890.0,1680.0,-5.0,-0.5,0.0,-4.0,-13.1,-27.8,-48.8,168.0,-5.0,1.5,4.0,2.0,-5.1,-17.8,-36.8
LEV,32 Win Special,165 gr. FTX,165.0,10.7,82732,0.31,735.0,690.0,646.0,604.0,563.0,524.0,486.0,2885.0,2543.0,2232.0,1951.0,1697.0,1469.0,1264.0,-5.0,0.1,0.0,-6.0,-18.7,-39.1,-68.5,150.0,-5.0,2.1,4.0,0.0,-10.7,-29.1,-56.5
CI,8 x 57 JS (IS),195 gr. InterLock SP,195.0,12.6,82291,0.41,783.0,748.0,713.0,679.0,647.0,615.0,583.0,3874.0,3532.0,3214.0,2917.0,2642.0,2386.0,2150.0,-5.0,-0.3,0.0,-4.5,-14.4,-30.1,-52.3,163.0,-5.0,1.7,4.0,1.5,-6.4,-20.1,-40.3
VM,8 x 57 JS (IS),196 gr. BTHP,196.0,12.7,82298,0.525,762.0,735.0,708.0,682.0,656.0,631.0,606.0,3688.0,3429.0,3184.0,2952.0,2733.0,2527.0,2332.0,-5.0,-0.2,0.0,-4.7,-14.6,-30.3,-52.1,161.0,-5.0,1.8,4.0,1.3,-6.6,-20.3,-40.1
LEV,338 Marlin Express,200 gr. FTX,200.0,13.0,82240,0.43,782.0,748.0,715.0,683.0,652.0,621.0,591.0,3961.0,3627.0,3315.0,3023.0,2751.0,2498.0,2263.0,-5.0,-0.3,0.0,-4.5,-14.2,-29.8,-51.7,163.0,-5.0,1.7,4.0,1.5,-6.2,-19.8,-39.7
SF,338 RCM,225 gr. SST,225.0,14.6,82236,0.515,838.0,809.0,780.0,752.0,724.0,697.0,670.0,5122.0,4771.0,4438.0,4122.0,3824.0,3542.0,3276.0,-5.0,-0.6,0.0,-3.4,-11.1,-23.6,-41.0,177.0,-5.0,1.4,4.0,2.6,-3.1,-13.6,-29.0
SF,338 Win Mag,200 gr. SST,200.0,13.0,82223,0.455,924.0,889.0,854.0,821.0,788.0,756.0,724.0,5528.0,5117.0,4730.0,4366.0,4023.0,3700.0,3398.0,-5.0,-0.9,0.0,-2.4,-8.5,-18.5,-32.8,196.0,-5.0,1.1,4.0,3.6,-0.5,-8.5,-20.8
SF,338 Win Mag,225 gr. SST,225.0,14.6,82233,0.515,866.0,836.0,807.0,778.0,750.0,722.0,695.0,5463.0,5093.0,4743.0,4411.0,4096.0,3799.0,3518.0,-5.0,-0.7,0.0,-3.0,-10.1,-21.6,-37.7,184.0,-5.0,1.3,4.0,3.0,-2.1,-11.6,-25.7
O,338 Win Mag,225 gr. CX,225.0,14.6,823394,0.49,853.0,822.0,792.0,762.0,733.0,704.0,676.0,5310.0,4931.0,4572.0,4233.0,3913.0,3612.0,3329.0,-5.0,-0.7,0.0,-3.2,-10.7,-22.7,-39.7,180.0,-5.0,1.3,4.0,2.8,-2.7,-12.7,-27.7
PH,338 Win Mag,230 gr. ELD-X,230.0,14.9,82222,0.616,856.0,832.0,807.0,783.0,759.0,736.0,713.0,5467.0,5155.0,4856.0,4571.0,4298.0,4038.0,3790.0,-5.0,-0.7,0.0,-3.0,-10.1,-21.4,-37.2,184.0,-5.0,1.3,4.0,3.0,-2.1,-11.4,-25.2
M,338 Lapua Mag,250 gr. BTHP,250.0,16.2,8230,0.67,872.0,849.0,826.0,804.0,781.0,760.0,738.0,6156.0,5835.0,5526.0,5230.0,4946.0,4674.0,4413.0,-5.0,-0.8,0.0,-2.8,-9.4,-20.0,-34.9,189.0,-5.0,1.2,4.0,3.2,-1.4,-10.0,-22.9
PH,338 Lapua Mag,270 gr. ELD-X,270.0,17.5,82313,0.757,853.0,833.0,813.0,794.0,774.0,755.0,736.0,6372.0,6075.0,5787.0,5511.0,5244.0,4987.0,4739.0,-5.0,-0.7,0.0,-3.0,-9.8,-20.8,-36.1,185.0,-5.0,1.3,4.0,3.0,-1.8,-10.8,-24.1
M,338 Lapua Mag,285 gr. ELD Match,285.0,18.5,82300,0.829,837.0,818.0,800.0,783.0,765.0,748.0,730.0,6465.0,6186.0,5917.0,5656.0,5404.0,5160.0,4925.0,-5.0,-0.7,0.0,-3.2,-10.3,-21.7,-37.4,182.0,-5.0,1.3,4.0,2.8,-2.3,-11.7,-25.4
LEV,348 Win,200 gr. FTX,200.0,13.0,82738,0.32,780.0,735.0,692.0,649.0,608.0,569.0,530.0,3946.0,3503.0,3099.0,2731.0,2397.0,2095.0,1822.0,-5.0,-0.2,0.0,-4.9,-15.6,-33.0,-58.0,159.0,-5.0,1.8,4.0,1.1,-7.6,-23.0,-46.0
C,350 Legend,165 gr. FTX,165.0,10.7,81197,0.25,671.0,618.0,567.0,519.0,473.0,428.0,387.0,2404.0,2041.0,1720.0,1439.0,1194.0,981.0,799.0,-5.0,0.7,0.0,-8.4,-25.9,-54.4,-96.2,138.0,-5.0,2.7,4.0,-2.4,-17.9,-44.4,-84.2
AW,350 Legend,170 gr. InterLock SP,170.0,11.0,81196,0.215,671.0,609.0,551.0,496.0,444.0,394.0,348.0,2477.0,2046.0,1674.0,1355.0,1084.0,856.0,666.0,-5.0,0.8,0.0,-8.9,-27.8,-59.2,-106.4,136.0,-5.0,2.8,4.0,-2.9,-19.8,-49.2,-94.4
SUB,350 Legend,250 gr. SUB-X,250.0,16.2,81198,0.265,320.0,287.0,256.0,227.0,,,,830.0,668.0,531.0,416.0,,,,-5.0,12.4,0.0,-50.0,,,,107.0,-5.0,14.4,4.0,-44.0,,,
LEV,35 Rem,200 gr. FTX,200.0,13.0,82735,0.3,678.0,634.0,591.0,550.0,510.0,471.0,434.0,2981.0,2603.0,2263.0,1957.0,1683.0,1439.0,1223.0,-5.0,0.6,0.0,-7.6,-23.3,-48.5,-84.7,141.0,-5.0,2.6,4.0,-1.6,-15.3,-38.5,-72.7
SF,35 Whelen,200 gr. InterLock SP,200.0,13.0,81193,0.282,887.0,832.0,779.0,728.0,678.0,631.0,584.0,5098.0,4488.0,3934.0,3433.0,2982.0,2577.0,2214.0,-5.0,-0.7,0.0,-3.3,-11.3,-24.6,-44.0,178.0,-5.0,1.3,4.0,2.7,-3.3,-14.6,-32.0
C,358 Win,200 gr. InterLock SP,200.0,13.0,91318,0.282,754.0,704.0,656.0,609.0,564.0,521.0,480.0,3688.0,3215.0,2789.0,2407.0,2065.0,1761.0,1492.0,-5.0,-0.0,0.0,-5.7,-18.0,-38.0,-67.0,152.0,-5.0,2.0,4.0,0.3,-10.0,-28.0,-55.0
DG,9.3 x 74R,286 gr. InterLock SP-RP,286.0,18.5,82304,0.4,719.0,685.0,651.0,618.0,586.0,555.0,525.0,4795.0,4346.0,3929.0,3542.0,3185.0,2856.0,2553.0,-5.0,0.1,0.0,-5.9,-18.2,-37.7,-65.1,151.0,-5.0,2.1,4.0,0.1,-10.2,-27.7,-53.1
DG,9.3 x 62mm,286 gr. InterLock SP-RP,286.0,18.5,82303,0.4,719.0,685.0,651.0,618.0,586.0,555.0,525.0,4795.0,4346.0,3929.0,3542.0,3185.0,2856.0,2553.0,-5.0,0.1,0.0,-5.9,-18.2,-37.7,-65.1,151.0,-5.0,2.1,4.0,0.1,-10.2,-27.7,-53.1
CI,9.3 x 62mm,286 gr. InterLock SP,286.0,18.5,82302,0.4,722.0,687.0,654.0,621.0,589.0,558.0,527.0,4832.0,4380.0,3960.0,3571.0,3212.0,2881.0,2575.0,-5.0,0.1,0.0,-5.8,-18.0,-37.3,-64.5,151.0,-5.0,2.1,4.0,0.2,-10.0,-27.3,-52.5
DG,376 Steyr,225 gr. InterLock SP-RP,225.0,14.6,8234,0.32,792.0,747.0,703.0,660.0,619.0,579.0,540.0,4579.0,4069.0,3603.0,3178.0,2792.0,2442.0,2126.0,-5.0,-0.3,0.0,-4.7,-15.0,-31.7,-55.7,161.0,-5.0,1.7,4.0,1.3,-7.0,-21.7,-43.7
DG,376 Steyr,270 gr. InterLock SP-RP,270.0,17.5,8237,0.38,792.0,754.0,717.0,680.0,645.0,610.0,577.0,5495.0,4976.0,4495.0,4049.0,3638.0,3258.0,2910.0,-5.0,-0.3,0.0,-4.4,-14.2,-29.8,-52.0,164.0,-5.0,1.7,4.0,1.6,-6.2,-19.8,-40.0
O,375 H&H Mag,250 gr. CX,250.0,16.2,823314,0.403,823.0,786.0,750.0,715.0,680.0,647.0,614.0,5486.0,5005.0,4556.0,4138.0,3749.0,3388.0,3054.0,-5.0,-0.5,0.0,-3.8,-12.5,-26.5,-46.3,171.0,-5.0,1.5,4.0,2.2,-4.5,-16.5,-34.3
DG,375 H&H Mag,270 gr. InterLock SP-RP SPF,270.0,17.5,8508,0.38,853.0,813.0,774.0,736.0,699.0,663.0,628.0,6372.0,5790.0,5248.0,4745.0,4279.0,3849.0,3451.0,-5.0,-0.6,0.0,-3.4,-11.4,-24.4,-43.0,176.0,-5.0,1.4,4.0,2.6,-3.4,-14.4,-31.0
DG,375 H&H Mag,300 gr. DGS,300.0,19.4,82322,0.275,771.0,719.0,669.0,621.0,574.0,530.0,487.0,5781.0,5028.0,4352.0,3746.0,3206.0,2726.0,2303.0,-5.0,-0.1,0.0,-5.4,-17.1,-36.3,-64.2,155.0,-5.0,1.9,4.0,0.6,-9.1,-26.3,-52.2
DG,375 H&H Mag,300 gr. DGX Bonded,300.0,19.4,82334,0.275,771.0,719.0,669.0,621.0,574.0,530.0,487.0,5781.0,5028.0,4352.0,3746.0,3206.0,2726.0,2303.0,-5.0,-0.1,0.0,-5.4,-17.1,-36.3,-64.2,155.0,-5.0,1.9,4.0,0.6,-9.1,-26.3,-52.2
O,375 Ruger,250 gr. CX,250.0,16.2,823374,0.403,853.0,816.0,779.0,743.0,708.0,673.0,640.0,5900.0,5391.0,4915.0,4471.0,4058.0,3674.0,3318.0,-5.0,-0.7,0.0,-3.4,-11.2,-24.0,-42.1,177.0,-5.0,1.3,4.0,2.6,-3.2,-14.0,-30.1
DG,375 Ruger,270 gr. InterLock SP-RP,270.0,17.5,8231,0.38,866.0,825.0,786.0,748.0,710.0,674.0,638.0,6556.0,5960.0,5406.0,4891.0,4414.0,3973.0,3566.0,-5.0,-0.7,0.0,-3.3,-10.9,-23.5,-41.4,179.0,-5.0,1.3,4.0,2.7,-2.9,-13.5,-29.4
DG,375 Ruger,300 gr. DGX Bonded,300.0,19.4,82336,0.275,811.0,757.0,706.0,656.0,608.0,562.0,518.0,6390.0,5576.0,4842.0,4183.0,3594.0,3070.0,2605.0,-5.0,-0.4,0.0,-4.6,-14.9,-31.8,-56.5,162.0,-5.0,1.6,4.0,1.4,-6.9,-21.8,-44.5
DG,375 Ruger,300 gr. DGS,300.0,19.4,8232,0.275,811.0,757.0,706.0,656.0,608.0,562.0,518.0,6390.0,5576.0,4842.0,4183.0,3594.0,3070.0,2605.0,-5.0,-0.4,0.0,-4.6,-14.9,-31.8,-56.5,162.0,-5.0,1.6,4.0,1.4,-6.9,-21.8,-44.5
DG,"4 E 5 xp 0- r 4 e 0 ss 0 3 N "" itro",400 gr. DGX Bonded,400.0,25.9,82432,0.325,625.0,586.0,548.0,511.0,476.0,442.0,409.0,5060.0,4446.0,3889.0,3386.0,2933.0,2527.0,2165.0,-5.0,1.1,0.0,-9.3,-27.9,-57.5,-99.6,134.0,-5.0,3.1,4.0,-3.3,-19.9,-47.5,-87.6
DG,"4 E 5 xp 0- r 4 e 0 ss 0 3 N "" itro",400 gr. DGS,400.0,25.9,8242,0.325,625.0,586.0,548.0,511.0,476.0,442.0,409.0,5060.0,4446.0,3889.0,3386.0,2933.0,2527.0,2165.0,-5.0,1.1,0.0,-9.3,-27.9,-57.5,-99.6,134.0,-5.0,3.1,4.0,-3.3,-19.9,-47.5,-87.6
C,405 Win,300 gr. InterLock SP,300.0,19.4,8241,0.25,671.0,618.0,567.0,519.0,473.0,428.0,387.0,4371.0,3711.0,3128.0,2617.0,2171.0,1784.0,1452.0,-5.0,0.7,0.0,-8.4,-25.9,-54.4,-96.2,138.0,-5.0,2.7,4.0,-2.4,-17.9,-44.4,-84.2
DG,416 Ruger,400 gr. DGX Bonded,400.0,25.9,82667,0.319,732.0,688.0,646.0,605.0,565.0,527.0,490.0,6936.0,6134.0,5404.0,4741.0,4141.0,3600.0,3114.0,-5.0,0.1,0.0,-6.0,-18.7,-39.1,-68.3,150.0,-5.0,2.1,4.0,0.0,-10.7,-29.1,-56.3
DG,416 Ruger,400 gr. DGS,400.0,25.9,82666,0.319,732.0,688.0,646.0,605.0,565.0,527.0,490.0,6936.0,6134.0,5404.0,4741.0,4141.0,3600.0,3114.0,-5.0,0.1,0.0,-6.0,-18.7,-39.1,-68.3,150.0,-5.0,2.1,4.0,0.0,-10.7,-29.1,-56.3
DG,416 Rem Mag,400 gr. DGX Bonded,400.0,25.9,82672,0.319,732.0,688.0,646.0,605.0,565.0,527.0,490.0,6936.0,6134.0,5404.0,4741.0,4141.0,3600.0,3114.0,-5.0,0.1,0.0,-6.0,-18.7,-39.1,-68.3,150.0,-5.0,2.1,4.0,0.0,-10.7,-29.1,-56.3
DG,416 Rem Mag,400 gr. DGS,400.0,25.9,82674,0.319,732.0,688.0,646.0,605.0,565.0,527.0,490.0,6936.0,6134.0,5404.0,4741.0,4141.0,3600.0,3114.0,-5.0,0.1,0.0,-6.0,-18.7,-39.1,-68.3,150.0,-5.0,2.1,4.0,0.0,-10.7,-29.1,-56.3
DG,416 Rigby,400 gr. DGX Bonded,400.0,25.9,82661,0.319,736.0,692.0,650.0,609.0,569.0,531.0,494.0,7023.0,6213.0,5476.0,4806.0,4199.0,3652.0,3160.0,-5.0,0.1,0.0,-5.9,-18.4,-38.4,-67.2,151.0,-5.0,2.1,4.0,0.1,-10.4,-28.4,-55.2
DG,416 Rigby,400 gr. DGS,400.0,25.9,8265,0.319,736.0,692.0,650.0,609.0,569.0,531.0,494.0,7023.0,6213.0,5476.0,4806.0,4199.0,3652.0,3160.0,-5.0,0.1,0.0,-5.9,-18.4,-38.4,-67.2,151.0,-5.0,2.1,4.0,0.1,-10.4,-28.4,-55.2
DG,404 Jeffery,400 gr. DGX Bonded,400.0,25.9,82381,0.325,701.0,659.0,619.0,580.0,542.0,505.0,470.0,6370.0,5633.0,4962.0,4353.0,3802.0,3305.0,2858.0,-5.0,0.3,0.0,-6.7,-20.8,-43.2,-75.3,145.0,-5.0,2.3,4.0,-0.7,-12.8,-33.2,-63.3
DG,404 Jeffery,400 gr. DGS,400.0,25.9,8239,0.325,701.0,659.0,619.0,580.0,542.0,505.0,470.0,6370.0,5633.0,4962.0,4353.0,3802.0,3305.0,2858.0,-5.0,0.3,0.0,-6.7,-20.8,-43.2,-75.3,145.0,-5.0,2.3,4.0,-0.7,-12.8,-33.2,-63.3
SF,444 Marlin,265 gr. InterLock FP,265.0,17.2,82453,0.189,732.0,659.0,590.0,525.0,463.0,406.0,352.0,4595.0,3726.0,2987.0,2363.0,1843.0,1414.0,1064.0,-5.0,0.3,0.0,-7.4,-23.8,-51.6,-94.3,142.0,-5.0,2.3,4.0,-1.4,-15.8,-41.6,-82.3
LEV,444 Marlin,265 gr. FTX,265.0,17.2,82744,0.225,709.0,648.0,591.0,536.0,484.0,434.0,387.0,4312.0,3610.0,2996.0,2465.0,2008.0,1617.0,1286.0,-5.0,0.4,0.0,-7.5,-23.5,-50.1,-89.7,142.0,-5.0,2.4,4.0,-1.5,-15.5,-40.1,-77.7
AW,450 Bushmaster,245 gr. InterLock,245.0,15.9,82242,0.165,671.0,591.0,517.0,448.0,384.0,325.0,271.0,3570.0,2777.0,2125.0,1595.0,1171.0,838.0,581.0,-5.0,1.0,0.0,-10.3,-32.8,-72.0,-134.4,132.0,-5.0,3.0,4.0,-4.3,-24.8,-62.0,-122.4
C,450 Bushmaster,"250 gr. FTX (20"" Bbl)",250.0,16.2,82244,0.21,671.0,608.0,549.0,492.0,439.0,388.0,341.0,3643.0,2995.0,2437.0,1962.0,1559.0,1222.0,943.0,-5.0,0.8,0.0,-9.0,-28.2,-60.1,-108.3,135.0,-5.0,2.8,4.0,-3.0,-20.2,-50.1,-96.3
B,450 Bushmaster,"250 gr. FTX (20"" Bbl)",250.0,16.2,82246,0.21,671.0,608.0,549.0,492.0,439.0,388.0,341.0,3643.0,2995.0,2437.0,1962.0,1559.0,1222.0,943.0,-5.0,0.8,0.0,-9.0,-28.2,-60.1,-108.3,135.0,-5.0,2.8,4.0,-3.0,-20.2,-50.1,-96.3
SUB,450 Bushmaster,"395 gr. SUB-X (20"" Bbl)",395.0,25.6,82247,0.3,320.0,307.0,296.0,286.0,,,,1311.0,1206.0,1121.0,1049.0,,,,-5.0,10.7,0.0,-38.9,,,,107.0,-5.0,12.4,3.7,-33.7,,,
LEV,45-70 Govt,250 gr. MonoFlex,250.0,16.2,82743,0.182,640.0,570.0,504.0,442.0,384.0,330.0,281.0,3319.0,2632.0,2058.0,1584.0,1196.0,885.0,638.0,-5.0,1.3,0.0,-11.0,-34.6,-74.9,-137.5,130.0,-5.0,3.3,4.0,-5.0,-26.6,-64.9,-125.5
LEV,45-70 Govt,325 gr. FTX,325.0,21.1,82747,0.23,610.0,555.0,504.0,454.0,408.0,364.0,322.0,3914.0,3248.0,2671.0,2175.0,1751.0,1392.0,1092.0,-5.0,1.5,0.0,-11.2,-34.3,-72.2,-128.6,129.0,-5.0,3.5,4.0,-5.2,-26.3,-62.2,-116.6
SUB,45-70 Govt,410 gr. SUB-X,410.0,26.6,82742,0.285,328.0,313.0,300.0,290.0,,,,1429.0,1301.0,1199.0,1115.0,,,,-5.0,10.2,0.0,-37.6,,,,107.0,-5.0,11.9,3.5,-32.6,,,
LEV,450 Marlin,325 gr. FTX,325.0,21.1,82750,0.23,678.0,621.0,566.0,513.0,463.0,416.0,371.0,4844.0,4056.0,3368.0,2772.0,2259.0,1821.0,1449.0,-5.0,0.7,0.0,-8.4,-26.1,-55.3,-98.7,138.0,-5.0,2.7,4.0,-2.4,-18.1,-45.3,-86.7
DG,"450 Nitro Express 3""",480 gr. DGX Bonded,480.0,31.1,8257,0.285,655.0,610.0,565.0,523.0,482.0,443.0,405.0,6679.0,5779.0,4972.0,4253.0,3615.0,3052.0,2557.0,-5.0,0.8,0.0,-8.5,-26.0,-54.0,-94.6,137.0,-5.0,2.8,4.0,-2.5,-18.0,-44.0,-82.6
DG,"450 Nitro Express 3""",480 gr. DGS,480.0,31.1,8256,0.285,655.0,610.0,565.0,523.0,482.0,443.0,405.0,6679.0,5779.0,4972.0,4253.0,3615.0,3052.0,2557.0,-5.0,0.8,0.0,-8.5,-26.0,-54.0,-94.6,137.0,-5.0,2.8,4.0,-2.5,-18.0,-44.0,-82.6
DG,458 Win Mag,500 gr. DGX Bonded SPF,500.0,32.4,85834,0.295,652.0,608.0,566.0,524.0,485.0,447.0,411.0,6893.0,5992.0,5182.0,4456.0,3810.0,3237.0,2731.0,-5.0,0.8,0.0,-8.5,-25.9,-53.8,-94.0,137.0,-5.0,2.8,4.0,-2.5,-17.9,-43.8,-82.0
DG,458 Win Mag,500 gr. DGS SPF,500.0,32.4,8585,0.295,652.0,608.0,566.0,524.0,485.0,447.0,411.0,6893.0,5992.0,5182.0,4456.0,3810.0,3237.0,2731.0,-5.0,0.8,0.0,-8.5,-25.9,-53.8,-94.0,137.0,-5.0,2.8,4.0,-2.5,-17.9,-43.8,-82.0
DG,458 Lott,500 gr. DGX Bonded,500.0,32.4,82614,0.295,701.0,655.0,611.0,568.0,527.0,487.0,449.0,7962.0,6953.0,6042.0,5224.0,4492.0,3840.0,3261.0,-5.0,0.4,0.0,-6.9,-21.5,-44.9,-78.7,144.0,-5.0,2.4,4.0,-0.9,-13.5,-34.9,-66.7
DG,458 Lott,500 gr. DGS,500.0,32.4,8262,0.295,701.0,655.0,611.0,568.0,527.0,487.0,449.0,7962.0,6953.0,6042.0,5224.0,4492.0,3840.0,3261.0,-5.0,0.4,0.0,-6.9,-21.5,-44.9,-78.7,144.0,-5.0,2.4,4.0,-0.9,-13.5,-34.9,-66.7
DG,470 Nitro Express,500 gr. DGX Bonded,500.0,32.4,82631,0.29,655.0,610.0,567.0,525.0,485.0,446.0,409.0,6958.0,6035.0,5207.0,4467.0,3809.0,3227.0,2714.0,-5.0,0.8,0.0,-8.4,-25.8,-53.6,-93.7,137.0,-5.0,2.8,4.0,-2.4,-17.8,-43.6,-81.7
DG,470 Nitro Express,500 gr. DGS,500.0,32.4,8264,0.29,655.0,610.0,567.0,525.0,485.0,446.0,409.0,6958.0,6035.0,5207.0,4467.0,3809.0,3227.0,2714.0,-5.0,0.8,0.0,-8.4,-25.8,-53.6,-93.7,137.0,-5.0,2.8,4.0,-2.4,-17.8,-43.6,-81.7
DG,"500 Nitro Express 3""",570 gr. DGX Bonded,570.0,36.9,82689,0.295,646.0,602.0,560.0,519.0,480.0,442.0,406.0,7712.0,6699.0,5790.0,4976.0,4251.0,3609.0,3042.0,-5.0,0.9,0.0,-8.7,-26.6,-55.1,-96.2,136.0,-5.0,2.9,4.0,-2.7,-18.6,-45.1,-84.2
DG,"500 Nitro Express 3""",570 gr. DGS,570.0,36.9,8269,0.295,646.0,602.0,560.0,519.0,480.0,442.0,406.0,7712.0,6699.0,5790.0,4976.0,4251.0,3609.0,3042.0,-5.0,0.9,0.0,-8.7,-26.6,-55.1,-96.2,136.0,-5.0,2.9,4.0,-2.7,-18.6,-45.1,-84.2
M,50 BMG,"750 gr. A-MAX (36"" Bbl)",750.0,48.6,8270,1.05,858.0,843.0,829.0,815.0,800.0,786.0,772.0,17891.0,17287.0,16698.0,16125.0,15566.0,15022.0,14492.0,-5.0,-0.8,0.0,-2.8,-9.3,-19.6,-33.9,189.0,-5.0,1.2,4.0,3.2,-1.3,-9.6,-21.9
